field_1,Name,Hanzi,Polity,location,Latitude,Longitude,field_8,field_9,field_10
,Ai,艾,Qi,"SW of Xintai Co 新泰h, Shandong",35.77757,117.80172,"Yin 6.2(C), 6.3, 7.3; Huan 15.5",,
,Ailing,艾陵,Qi,"E of Laiwu Co Rh, Shandong",36.2546,117.75535,"Ai 11.3(C), 11.3",,
,An (1). .,,Qi,"Near Lixia v下, W of Jinan City 南市, Shandong.",36.6664499,117.07641,"Cheng 2.3(C), 2.3. See map 2.",,
,An (2). .,,Song,"S of Dingtao Co 定陶h, Shandong.",35.0709499,115.57298,Ai 14.4.,,
,Anfu . .,安甫,,Unk,40.7011879,-99.1014292,Ding 10.10.,,
,Ao .,敖,,A place along the coast of modern Zhejiang.,30.2655499,120.1536,Ai 19.2.,,
,Ao  (mountain).,敖,Zheng.,"N of Xingyang Co 铌h, Henan.",34.7901604,113.410389,Xuan 12.2.,,
,Ba,巴,"Dom, CN Ji 姬","Near Xiangfan City 襄樊市, Hubei",32.0871799,112.21194,Huan 9.2; Zhao 9.3,,
,Baiquan,百泉,Jin,"NW of Hui Co xh, Henan",35.4621199,113.8054,Ding 14.9,,
,Baiyu,白羽,Xu,"Same place as Xi 析 W of Xixia Co 西{h, Henan.",33.235,111.64472,"Zhao 18.5(C), 18.3, 18.7",,
,Bang,g,Zhou,"Mianchi Co 瞥乜h, Henan",34.753175,111.7852765,Zhuang 21.1,,
,Bangao,阪高,Chu,"NE of Dangyang Co h, Hubei",30.8211799,111.78833,Wen 16.4,,
,Banquan .,阪泉,,"E of Zhuolu Co 涿鹿h, Hebei.",40.37907,115.20757,Xi 25.2.,,
,Bao,暴 / Baosui 暴隧,"Zhou, then Zheng","W of Yuanyang Co 原h, Henan",35.052761,113.967907,Wen 8.5(C); Cheng 15.3,,
,Beidian,邶殿,Qi,"NW of Changyi Co 昌邑h, Shandong",36.9598,119.38951,Xiang 28.11; Zhao 1.2; Ding 1.1,,
,Beilin,北林 / Feilin 林,Zheng,"N of Xinzheng Co 新h, Henan",34.39603,113.73097,"Xuan 1.8, 1.10; Xiang 11.3. Probably the same place as Fei 斐",,
,Beiqiu,丘,Qi,"S of Boxing Co 博dh, Shandong",37.1529899,118.11096,Zhuang 8.3,,
,Beixing,北杏,Qi,"Dong’a Co |阿h, Shandong",36.3350299,116.24773,"Zhuang 13.1(C), 13.1, 13.3",,
,Beizheng,北徵,Jin,"P, Chengcheng Co 澄城h, Shaanxi",35.1902399,109.93226,Wen 10.2,,
,Bend of the Luo (Luorei),_I,Chu,"P, at Miluo 汩_, Hunan",28.9036111,112.9722222,Zhao 5.8,,
,Beng,p,"Zheng, then Lu","E of Fei Co Mh, Shandong",35.278287,117.979969,"Yin 8.2(C), 8.2; Huan 1.1, 1.2",,
,Bi,,Zheng,"NE of Xingyang Co 铌h, Henan",34.7901604,113.410389,"Xuan 12.3(C), 12.2, 13.4, 14.2; Cheng 2.6, 3.1, 16.5; Zhao 5.4, 5.8",,
,Bi,,"Dom, CN Ji 姬","NW of Xi’an City 西安市, Shaanxi",34.2658138,108.9540936,Xi 24.2; Zhao 9.3,,
,Bi,M,Lu,"SW of Yutai Co ~_h, Shandong",34.96956,116.55165,"Xi 1.6; Xiang 7.4(C), 7.3; Zhao 12.1, 13.1(C), 13.1, 14.2, 21.3, 25.6, 31.2, 32.4; Ding 5.4, 12.5(C), 12.2. See map 2",,
,Bian,卞,Lu,"E of Sishui Co 泗水h, Shandong",35.55034,117.24158,"Xi 17.3(C), 17.4; Xiang 15.4, 29.4; Zhao 25.6",,
,Bihua,M滑,An alternate name for the domain Hua 滑 (see Hua [2]),"The capital of Hua was located at Bi M, the latter to be distinguished from the place of the same name in Shandong",36.6682599,117.02076,Cheng 13.3; Xiang 18.4,,
,Bipu,比蒲,Lu,Unk,40.7011879,-99.1014292,"Zhao 11.6(C), 11.3; Ding 13.3(C), 14.13",,
,Biyang,筷,"Dom, CN Yun u, taken by Jin, then given to Song","S of Yi Co Fh, Shandong",36.6682599,117.02076,"Xiang 10.11(C), 10.2",,
,Bo,白,Chu,"P, E of Xi Co 息h, Henan",32.3428199,114.74024,Ai 16.5,,
,Bo,柏,Dom,"SE of Wuyang Co 舞h, Henan",33.4376499,113.60931,Xi 5.7,,
,Bo,亳,Song,"N of Shangqiu City 商丘市, Henan",34.4142699,115.65635,Zhuang 12.1; Zhao 11.1,,
,Bo,博,Qi,"SE of Taian Co 泰安h, Shandong",36.1999399,117.0884,Ai 11.3,,
,Bo,薄,Song,"N of Shangqiu City 商丘市, Henan",34.4142699,115.65635,"Xi 21.7(C), 21.3; Ai 14.4",,
,Bocheng,亳城,Zheng,"Near Zhengzhou 州, Henan",34.7472499,113.62493,"Xiang 11.5(C), 11.3",,
,Boju,柏e,Chu,"NW of Macheng Co 麻城h, Hubei",31.18199,114.94196,"Ding 4.3, 5.5; Ai 1.1, 1.6. See map 4",,
,Boniu,伯牛,Zheng,Unk,40.7011879,-99.1014292,Cheng 3.1,,
,Boren,柏人,Jin,"Longyao Co 隆蚩h, Hebei",37.3502499,114.77031,"Ai 4.3, 5.1",,
,Brambles Marsh,棘,Zheng,"Near Changge Co L葛h, S of Xinzheng Co 新h, Henan",34.2167199,113.76827,Xiang 24.8,,
,Bugeng,不},Chu,"Two small regions: East Bugeng is just north of Wuyang Co 舞h, Henan, and West Bugeng is southeast of Xiangcheng Co 襄城h, Henan",33.4376499,113.60931,"Zhao 11.10, 12.1, 13.2.",,
,Cai,蔡,Dom,"Originally near Shangcai Co 上蔡h, Henan. Later relocated near modern Xincai Co 新蔡h, Henan. Moved in 493 Bce to region of Zhoulai 州, Henan, where it was known as “Lower Cai” 下蔡",32.7492599,114.98571,Yin 4.4(C) et passim. See map 4.,,
,Caisang,采桑,Jin,"W of Xiangning Co lh, Shanxi",35.9708125,110.8472604,Xi 8.2,,
,Cangye,}野,Jin,"SE of Shang Co 商h, Shaanxi",33.8627299,109.94107,Ai 4.2,,
,Cao,曹 (1),"Dom, CN Ji 姬","Cap Taoqiu 陶丘 SW of Dingtao Co 定陶h, ?Shandong. Huan 5.9(C) et passim. Later absorbed by Song.",35.0709499,115.57298,"Ai 14.7(C), 14.9(C), 14.4. See map 2",,
,Cao,曹 (2),Wei,"SW of Hua Co 滑h, Henan",35.5753399,114.5193,Huan 14.1,,
,Cao,,Zheng,Unk,40.7011879,-99.1014292,"Xiang 7.9(C), 7.8",,
,Chan,U,Lu,NE of Ningyang Co h,35.7596099,116.80727,"Ai 8.3(C), 8.7(C), 8.3, 8.7, 15.4",,
,Changan,L岸,Chu,"SW of Dangtu Co Th, Anhui",31.3000711,118.6982059,Zhao 17.6,,
,Changge,L葛,Zheng,"NE of Changge Co L葛h, Henan",34.2167199,113.76827,"Also known as Xuge ]葛. Yin 5.8(C), 5.10, 6.5?",,
,Changjian,昌g,Lu,"In Sishui Co 泗水h, Shandong",35.55034,117.24158,Zhao 22.3(C),,
,Changqiu,L丘,Song,"S of Fengqiu Co 封丘h, Henan",35.0411899,114.41861,Wen 11.5.,,
,Changshao,L勺,Lu,"P, N of Qufu Co 曲阜h, Shandong",35.53986,117.04719,"Zhuang 10.1(C), 10.1",,
,Changyan,昌衍,Lu,"SE of Qufu Co 曲阜h, Shandong",35.53986,117.04719,Xi 29.1,,
,Changyimi,常x靡,Ju,"NW of Ju Co 莒h, Shandong",35.5799699,118.83687,Zhao 1.11,,
,Chanshi,Q室,Lu,"Pingyi Co 平邑h, Shandong",35.5058699,117.64048,Ai 8.2,,
,Chanyuan,澶Y,"Wei, then Jin","NW of Puyang Co 濮h, Henan",35.5764999,115.26089,"Xiang 20.2(C), 20.2, 26.5(C), 26.7, 30.9(C), 30.12",,
,Chao,巢 (2),Wei,Unk,40.7011879,-99.1014292,Ai 11.6,,
,Chaojia,朝P,Song,"Luyi Co 鹿邑h, Henan",33.8600899,115.48443,Cheng 18.5,,
,Chaoqiu,巢丘,Lu,"P, near Taishan Co 泰山h, Shandong",36.2558333,117.1055555,Cheng 2.1,,
,Chen,,"Dom, CN Gui ","Cap Wanqiu 宛丘 in modern Huaiyang Co 淮 h, Henan",33.7314999,114.88614,Yin 3.7 et passim. See map 1,,
,Cheng,成 (also Cheng J),Lu,"NE of Ningyang Co h, Shandong",35.7605999,116.80112,"Huan 6.2(C), 6.3; Zhuang 30.2(C); Xiang 15.3(C), 15.4(C), 15.5, 16.8(C), 16.4; Zhao 7.5, 26.4; Ding 8.1, 12.10(C), 12.11(C), 12.2; Ai 14.6, 15.1(C), 15.1, 15.4. See map 4",,
,Cheng,J,,"Small dom SE of Pu Co 濮h, Shandong",36.6682599,117.02076,"Yin 5.3(C), 5.6, 10.5(C), 10.4; Zhuang 8.3(C), 8.2; Xi 24.2; Wen 11.6, 12.1.",,
,Chengchu,城I,"Song, then Wei","E of Huaxian 滑h, Henan",35.1839767,114.6571203,"Ai 11.6, 25.1, 26.3",,
,Chengdi,城棣,Zheng,"N of Yuanyang Co 原h, Henan",35.052761,113.967907,Xiang 5.9,,
,Chengfu  (1). .,城父,Chu,"SE of Bo Co 亳h, Anhui.",31.8615699,117.28565,"Zhao 9.2, 30.3",,
,Chengfu,城父 (2),Chu,"E of Baofeng Co Sh, Henan",33.8683999,113.05479,"Zhao 19.6; Ai 6.2, 6.4, 16.5",,
,Chenggao,城郜,Song,"Xiao Co h, Anhui",34.18835,116.94153,Cheng 18.5,,
,Chengjiu,成臼 (river),Chu,"P, flowed just S of Zhongxiang Co R祥h, Hubei",31.1679699,112.58817,Ding 5.7,,
,Chengjun,城麇,Zheng,Unk,40.7011879,-99.1014292,Xiang 26.6; Zhao 8.6,,
,Chengkou passes,城口,Chu,"Collective name of the three passes Dasui 大隧, Zhiyuan 直@, and Ming’e 冥i",-42.9495392,171.3440155,Ding 4.3,,
,Chengpu  .  ;,城濮.,Wei,"Same as modern Linpu Cheng R濮城 in Fan Co 范h, Shandong.",35.8519299,115.50411,"Zhuang 27.7(C); Xi 28.5(C), 28.3, 28.6; Wen 10.3; Xuan 12.5 Cheng 2.3; Xiang 8.8, 25.10; Zhao 5.4, 5.8. See map 2.",,
,Chengqiu,乘丘,Lu,"Gunzhou Co 衮州h, Shandong",35.545071,116.776249,"Zhuang 10.4(C), 10.2, 11.1, 11.4",,
,Chengying,城},Zheng,"NW of Linying Co R}h, Henan",33.8296951,113.9674515,Yin 1.4,,
,Chengzhou,成周,Zhou,Eastern cap of Zhou,34.69309733,112.5185348,"E of Loyang City 洛市, Henan. Yin 3.3; Zhuang 20.1; Xi 24.2; Xuan 16.2(C), 16.2; Zhao 24.8, 26.7(C), 26.9, 32.5(C), 32.3; Ding 1.1. See map 3",,
,Chenling,辰陵,Chen,"W of Huaiyang Co 淮h, Henan",33.7314999,114.88614,"Xuan 11.2(C), 11.1, 11.6",,
,Chi .,D,Song.,"Su Co 宿h, Henan.",34.7657099,113.75322,"Huan 15.10(C), 15.7.",,
,Chi,,"Originally Zhou, then Zheng and Jin","P, SW of Qinyang Co 沁h, Henan",35.0875999,112.9506,Yin 11.5,,
,Chiji,赤棘,Jin,Unk,40.7011879,-99.1014292,"Cheng 1.5(C), 1.3, 12.4",,
,Chong,重,Lu,"NW of Yutai Co ~_h, Shandong",34.96956,116.55165,Xi 31.1,,
,Chong,崇,"Small dom, later Wei","E of Hu Co 艨h, Shaanxi",34.1084699,108.60494,Xi 19.5; Xiang 31.13,,
,Chong,x,Zhu,"Jining Co h, Shandong",35.35158,116.53727,"Zhao 19.3, 19.5",,
,Chonglao,x牢,Zheng,"N of Fengqiu Co 封丘h, Henan",35.0411899,114.41861,"Cheng 5.7(C), 5.7, 7.4; Xiang 18.4; Ding 8.8",,
,Chongqiu,重丘 (1),Qi,Unk,40.7011879,-99.1014292,"Xiang 25.5(C), 25.6, 28.2",,
,Chongqiu,重丘 (2),Cao,"SW of Chaping Co 茬平h, Shandong",36.5806799,116.25522,Xiang 17.2,,
,Chou,,A place on the Jin/Zheng border,Unk,40.7011879,-99.1014292,Wen 17.4,,
,Chou,,Chu,"SE of Lushan Co 山h, Henan",33.7385399,112.90802,"Zhao 1.13, 13.2",,
,Chu .,楚,"Dom,",CN Mi d.,50,50,Huan 2.4 et passim. See map 1.,,
,Chu .,I,,"E of Hua Co 滑h, Henan.",35.5753399,114.5193,Xiang 4.7.,,
,Chù . .,s,Jin,"Near Wen Co 乜h, Henan.",34.9402299,113.08057,Xiang 26.10; Zhao 14.7.,,
,Chu,N,Song,Unk,40.7011879,-99.1014292,Zhao 21.6,,
,Chui,垂 (1),Qi,"Pingyin Co 平[h, Shandong",36.2893699,116.45599,Xuan 8.3(C),,
,Chui,垂 (2),Wei,"P N of Cao Co 曹h, Shandong, or SE of Juancheng Co 鄄城h, Shandong",35.54971,115.59926,Yin 8.1(C); Huan 1.2(C); Zhuang 4.3(C),,
,Chuibi,炊鼻,Lu,"P near Ningyang Co h, Shandong",35.7605999,116.80112,Zhao 26.4,,
,Chuiji,垂棘,Jin,"N of Lucheng Co 潞城h, Shanxi",36.3335642,113.2922553,Xi 2.2; Cheng 5.5,,
,Chuijia,垂葭,Qi,"SW of Juye Co 巨野h, Shandong",35.3963299,116.09495,"Ding 13.1(C), 13.1",,
,Chuilong,垂],Zheng,"NE of Xingyang Co 铌h, Henan",34.7901604,113.410389,"Wen 2.4(C), 2.4; Xiang 27.5",,
,Chunliu,留,Jin,"S of Tunliu Co 屯留h, Shanxi",36.3155299,112.89221,Xiang 18.2,,
,Chunyu,淳于,Cap of Zhou 州,"NE of Anqiu Co 安丘h, Shandong",36.36104,119.16773,Huan 5.6; Zhao 1.1,,
,Chuqiu,楚丘 (1),Wei,"E of Hua Co 滑h, Henan",35.5753399,114.5193,Min 2.9; Xi 2.1(C),,
,Chuqiu,楚丘 (2),Between Song and Cao,"SW of Chengwu Co 成武h, Shandong",34.9757025,115.9889939,"Yin 7.6(C), 7.5; Xiang 10.2",,
,Churen,I任,Xu,"Xuchang Co S昌h, Henan",34.1259599,113.82272,Cheng 4.5,,
,Chushi,褚氏,Zhou,"P near Luoyang 洛, Henan",34.6181299,112.45402,Zhao 26.7,,
,Cuanhan,绾,Wei,Unk,40.7011879,-99.1014292,Xuan 11.4,,
,Cuanmao,茅,"Zhou, then Jin","Xiuwu Co 修武h, Henan",35.2236099,113.44776,Yin 11.5; Xi 25.2,,
,Cui,崔,Qi,"NE of Jiyang Co h, Shandong",36.9784699,117.17333,Xiang 27.7,,
,Cui . . .,~,Lu,Unk,40.7011879,-99.1014292,Huan 17.2.,,
,Dabie,大e (mountain),Chu,"Modern Anyang Mountain 安山, SW of Huoqiu Co 霍丘h, Anhui",32.33721,116.27533,Ding 4.3,,
,Dacheng,大城,Cao,"In Heze Co 菏煽h, Shandong",35.15129,115.50733,Ai 7.5,,
,Dai,戴,Dom,"E of Minquan Co 民嗫h, Henan",34.6762399,115.40713,"Yin 10.4(C), 10.4",,
,Daji,大棘,Song,"S of Sui Co 睢h, Henan",34.429664,115.080638,"Xuan 2.1(C), 2.1, 2.2",,
,Dalin . .,大林,Chu,"NW of Jingmen Co 荆Th, Hubei.",30.95195,112.26979,Wen 16.4.,,
,Daling,大陵,Zheng,"N of Linying Co R}h, Henan",33.8296951,113.9674515,Zhuang 14.2,,
,Dalu,大,Jin,"NW of Huojia Co @嘉h, Henan",35.2596199,113.65716,Ding 1.1,,
,Dalu,大u,Jin,"SW of Taiyuan City 太原市, Shanxi",37.8705899,112.55067,Zhao 1.6(C),,
,Daming,大冥,Chen,"In Xiangcheng Co 城h, Henan",33.43374,114.81779,Ai 6.4,,
,Dan,聃,Dom,"Region of modern-day Kaifeng City _封市, Henan",34.7569999,114.44136,Xi 24.2,,
,Dao,道,Dom,"N of Queshan Co _山h, Henan",32.762655,114.02833,Xi 5.7; Zhao 13.4,,
,Dapang. .,大,Ju,"NW of Ju Co 莒h, Shandong.",35.5799699,118.83687,Zhao 1.11.,,
,Dasui,大隧 (2),Chu,"In Gaotang Co 高唐h, Shandong",36.91778,116.2323,Xiang 19.12,,
,Daxia,大夏,Jin,"Ji Co 吉h, Xi Co 隰h, Yicheng Co 翼城h, Shanxi",35.7382299,111.71836,Zhao 1.12,,
,Daye,大野,Lu,"N of Juye Co 巨野h, Shandong",35.3963299,116.09495,Ai 14.1,,
,Deng, (1),Lu,Unk,40.7011879,-99.1014292,Yin 10.1,,
,Deng, (2),Cai,"SE of Luohe City 漯河市, Henan",33.5814899,114.01681,"Huan 2.6(C), 2.4, Zhao 13.2",,
,Deng, (3),"Dom, CN Man 曼; later Chu","In Deng Co h, Henan",32.6877699,112.08736,Huan 9.2; Zhuang 6.3; Cheng 9.4; Zhao 9.3. See map 4,,
,Dianling,C,Yu,"Modern Yuban 虞坂, NE of Pinglu Co 平h, Shanxi",34.8369158,111.201448,Xi 2.2,,
,Diqiu,帝丘 (Emperor’s Hillock),Relocated cap of Wei l dom,"SW of Puyang Co 濮h, Henan",35.5764999,115.26089,"Xi 31.6(C), 31.5; Zhao 17.5.",,
,Diquan . .,翟泉 / 狄泉,Zhou,"In Luoyang City 洛市, Henan.",34.6181299,112.45402,"Xi 29.3(C), 29.2",,
,Dong,董,Jin,"E of Ronghe Town s河, Wanrong Co fsh, Shanxi",35.355511,110.552426,Wen 6.1,,
,Dong Marsh,董,Jin,"NE of Wenxi Co 喜h, Shanxi",35.406317,111.341279,Xuan 12.2,,
,Dongshan . .,|山,Jin,"Unk, perhaps just “eastern mountains.”",40.7011879,-99.1014292,Min 2.7.,,
,Dongyang,| (1),Lu,"NW of Fei Co Mh, Shandong",35.278287,117.979969,Ai 8.2,,
,Dongyang,| (2),Qi,"E of Linqu Co R朐h, Shandong",36.5123099,118.543,"Xiang 2.4, 6.7",,
,Dongyang,| (3),Jin,"Around Handan 邯h and Xingtai Co 邢台h, Hebei",37.0862699,114.54489,Xiang 23.4; Zhao 22.4.,,
,Dongyu,|圉,Zhou,"SW of Yanshi Co 偃h, Henan",34.7264684,112.76553,Zhao 22.5,,
,Dongzi,|訾,Zhou,"In Gong Co h, Henan",34.7479799,113.02206,"Zhao 24.8, 25.7",,
,Doucheng,斗城,Zheng,"NE of Tongxu Co 通Sh, Henan",34.4804399,114.46741,Xiang 30.10,,
,Duandao,嗟,Jin,"W of Jiyuan Co 源h, Henan",35.0745099,112.60383,"Xuan 17.6(C), 17.1",,
,Dun,D,"Dom, later Chu","Nandun Old Town 南D故城, W of Xiangcheng Co 城h, Henan",33.46819258,114.8706165,Xi 23.3,,
,Duoyu,多~,Que,"In Yucheng Co 虞城h, Henan",34.406742,115.864501,Xi 2.4,,
,Duyang(1).,督P,Qi.,"Modern Zhuke 祝柯, NE of Changqing Co L清h, Shandong.",36.5535799,116.75199,"Xiang 19.1, 20.1.",,
,Duyang  (2). . .,督P,Zheng,Unk,40.7011879,-99.1014292,Cheng 16.8.,,
,E,鄂,Jin,"S of Xiangning Co lh, Shanxi",35.9708125,110.8472604,Yin 6.2,,
,Ecao,翰,Wei,"SE of Yanjin Co 延津h, Henan",35.1419399,114.20515,"Huan 11.1(C), 11.1",,
,Er  (river).  .,濡,Yan.,"NW of Renqiu Co 任丘h, Hebei",38.7116399,116.09954,Zhao 7.1.,,
,Fan,凡,Dom,"SW of Hui Co xh, Henan",35.4621199,113.8054,Xi 24.2; Xiang 12.3,,
,Fan, (1),Zheng,"S of Xiangcheng Co 襄城h, Henan",33.8507199,113.50669,"Xi 24.2, 24.5; Cheng 7.4; Zhao 5.2.",,
,Fan  ., (2).,Zhou,"NE of Gong Co h, Henan.",34.7479799,113.02206,Zhao 22.5,,
,Fan,樊,Jin,"P, Yangfan 樊 SE of Jiyuan Co 源h, Henan.",35.0745099,112.60383,Yin 11.5; Zhuang 30.1.,,
,Fang . .,防 (1),"Lu, formerly Song","NE of Fei Co, Mh, Shandong.",35.2665899,117.9771099,"Yin 9.6(C); Zhuang 7.1(C), 7.1, 22.5(C), 29.5(C), 29.4; Xiang 13.4(C), 13.6, 17.4(C), 17.3, 23.5.",,
,Fang.,防 (2),"Song, later Lu.","SW of Jinxiang Co 金lh, Shandong.",35.0666099,116.31148,Yin 10.3(C),,
,Fang,防 (3),"Ju, later returned to Lu","SW of Anqiu Co 安丘h, Shandong",36.36104,119.16773,"Zhao 5.4(C), 5.6.",,
,Fang . .,房 (1),Dom,"General area of Suiping Co 遂平h, Henan.",33.1450469,114.0015478,Zhao 13.5,,
,Fang,房 (防) (2),Lu,"E of Qufu Co 曲阜h, Shandong",35.53986,117.04719,"Xi 14.2(C), 14.2; Ding 5.4",,
,Fangcheng,方城 (1),Yong,"E of Zhushan Co 竹山h, Hubei",32.2246799,110.22879,Wen 16.4,,
,Fangcheng,方城 (2),Chu,Unk,40.7011879,-99.1014292,Xi 4.1,,
,Fangzhong,房,Wu,"Modern Kantuan Town R疃, SW of Mengcheng Co 蒙城h, Anhui",33.004662,116.322456,Zhao 6.9,,
,Fangzhu,防渚,Chu,"In Fang Co 房h, Hubei",32.0555199,110.74116,Wen 11.1,,
,Fanyang,繁P (繁),Chu,"N of Xincai Co 新蔡h, Henan",32.74804,114.97608,"Zhao 5.8; Ding 6.4, Xiang 4.1",,
,Feather Mount .,羽山,,"P NW of Donghai Co|海h, Jiangsu.",34.54239,118.75303,Zhao 7.7.,,
,Fei,肥,Dom,"Feiziguo Old Town 肥子故城, Dongyetou Town |冶^, Xiyang Co 昔h, Shanxi",37.639189,113.94865,"Zhao 12.7, 12.12.",,
,Fei . .,,Zheng,"N of Xinzheng Co 新h, Henan.",34.39603,113.73097,Wen 13.9(C),,
,Fen,汾,Chu,"SW of Xuchang City S昌市, Henan",34.1259599,113.82272,Xiang 18.4,,
,Fen River,汾川,Jin,"Flows from SW of Ningwu Co 武h to NE of Houma City 侯R市 and SW of Hejin Co 河津h, entering the Yellow River S河, Shanxi",35.5964299,110.71186,Xi 16.3; Cheng 6.5; Zhao 1.12.,,
,Feng . .,T,Zhou,"Near Luoyang City 洛市, Henan.",34.6181299,112.45402,Ding 6.5,,
,Feng,S,Chu,"SW of Xichuan Co 淅川h, Henan",33.0333333,111.55,Ai 4.2,,
,Feng,酆,"Dom, CN Ji 姬","E of Hu Co 艨h, Shaanxi",34.1084699,108.60494,Xi 24.2,,
,Feng Marsh,逢,Song,"N of cap S of Shangqiu City 商丘市, Henan.",34.4142699,115.65635,Ai 14.4,,
,Fenquan,`泉,Lu,Unk,40.7011879,-99.1014292,"Border of Lu and Ju. Zhao 5.6(C), 5.7",,
,Four Peaks,四[,"Ancient Taishan 泰山, Huashan A山, Hengshan 衡山, and Hengshan 恒山",Unk,40.7011879,-99.1014292,Zhao 4.1.,,
,Fuhan . .,函,Chu,"In Nanyang Co 南h, Henan.",32.68649,112.60989,Ai 4.2,,
,Fujiao,夫椒,Wu,"Near Shaoxing Co Bdh, Zhejiang",29.930851,120.503422,Ai 1.2,,
,Fulai,浮,Ju,"W of Ju Co 莒h, Shandong",35.5799699,118.83687,"Yin 8.7(C), 8.7",,
,Fuqu,夫渠,Song,"Between Shangqiu Co 商丘h and Ningling Co 陵h, Henan",34.573815,115.318084,Cheng 16.3.,,
,Fushan . .,阜山,Chu,"S of Fang Co 房h, Hubei.",32.0555199,110.74116,Wen 16.4,,
,Fushi . . .,o氏,Jin,"E of Dali Co 大荔h, Shaanxi",34.7956039,109.9420041,Xuan 15.5; Cheng 13.3; Xiang 11.6.,,
,Fushu,黍,Zhou,"SW of Dengfeng Co 登封h, Henan",34.45488,113.01869,Ding 6.5,,
,Fuxia,瑕,Lu,"W of Yanzhou Co 兖州h, Shandong",35.51628,116.79961,Ai 7.4,,
,Fuyu,夫于,Qi,"Near former Changshan Co L山h, Shandong",36.6682599,117.02076,Zhao 10.2,,
,Fuzhong . .,夫,"Cheng, later Lu","NE of Wenshang Co 汶上h, Shandong.",35.728057,116.491267,"Huan 11.6(C); Wen 11.6, 12.1.",,
,Gangshan,山,Chu,Unk,40.7011879,-99.1014292,Zhao 11.8,,
,Ganhou,乾侯,Jin,"SE of Cheng’an Co 成安h, Hebei",36.442643,114.690184,"Zhao 25.4, 28.2(C), 28.1, 29.1(C), 29.2(C), 29.1, 29.3, 30.1(C), 30.1, 31.1(C), 31.4(C), 31.1, 32.1(C), 32.6(C), 32.1, 32.4; Ding 1.3(C), 1.2, 1.3; Ai 1.5. See map 3",,
,Ganlu,甘鹿,Zhou,"NW of Song Co 嵩h, Henan",34.129408,112.086226,Zhao 17.4,,
,Ganshi,乾r,Qi,"SW of Linzi R淄, Zibo City 淄博市, Shandong",36.85287,118.302,"Zhuang 9.5(C), 9.4",,
,Ganxi,乾G,Chu,"SE of Bo Co 亳h, Anhui",31.8615699,117.28565,"Zhao 6.9, 12.11, 13.2(C), 13.2",,
,Gao,郜 (1),"Dom, CN Ji 姬","SE of Chengwu Co 成武h, Shandong",34.9757025,115.9889939,Xi 24.2,,
,Gao,郜 (3),Jin,Unk,40.7011879,-99.1014292,Cheng 13.3,,
,Gao,V,Rong,"Near Luoyang City 洛市, Henan",34.6181299,112.45402,Xi 11.3,,
,Gaoliang,高梁,Jin,"NE of Linfen City R汾市, Shanxi",36.0882199,111.51962,"Xi 9.5, 15.4, 24.1",,
,Gaoshi,高氏,Zheng,"SW of Yu Co 禹h, Henan",34.7657099,113.75322,Cheng 17.1,,
,Gaotang,高唐,Qi,"E of Gaotang Co 高唐h, Shandong",36.91778,116.2323,"Xiang 19.1, 19.5, 25.2; Zhao 10.2; Ai 10.4.",,
,Gaoyou,皋鼬.,,"S of Linying Co R}h, Henan.",33.8296951,113.9674515,"Ding 4.4(C), 4.1",,
,Gaoyu,高~,Lu,"N of Yuncheng Co i城h, Shandong",35.4139399,115.83012,Xiang 26.14,,
,Gaozhou,V舟,Wu,Unk,40.7011879,-99.1014292,Xiang 14.7,,
,Gate of Qiong,FT,,"S of Luoyang City 洛市, Henan.",34.6181299,112.45402,.Xiang 4.7.,,
,Ge,葛,"Dom, CN Yin 嬴","P, N of Ningling Co 陵h, Henan",34.573815,115.318084,Huan 15.8(C),,
,Geng,耿,Dom,"SE of Hejin Co 河津h, Shanxi",35.5964299,110.71186,Min 1.6,,
,Geng,Q,"Ju, later taken by Lu","In Yishui Co 沂水h, Shandong",35.7903399,118.62782,"Zhao 10.3, 12.4, 13.3",,
,Gengyang,梗,Jin,"In Qingxu Co 清徐h, Shanxi",37.6085599,112.35925,"Xiang 18.3; Zhao 28.3, 28.4",,
,Gengzong,庚宗,Lu,"E of Sishui Co 泗水h, Shandong",35.55034,117.24158,Zhao 4.8; Ai 8.2,,
,Genmou,根牟,Lu,"S of Yishui Co 沂水h, Shandong",35.7903399,118.62782,"Xuan 9.5(C), 9.2; Zhao 8.4",,
,Gong,,Zhou,"In Gong Co h, Henan",34.7479799,113.02206,"Zhao 25.7, 26.9",,
,Gong,共,"Dom, later Wei","P, Hui Co xh, Henan",35.4621199,113.8054,Yin 1.4; Min 2.5,,
,Gongchi,共池,Jin,"In Pinglu Co 平h, Shanxi",34.8369158,111.201448,Huan 10.4,,
,Gongxu ravine,公僦G,Chu,"P, E of Xiangfan City 襄樊市, Hubei",32.0871799,112.21194,Ding 5.5,,
,Goudou Knoll,句^之丘 (2),Qi,"P, in Linzi R淄, Shandong",36.85287,118.302,"Xiang 19.5, 21.3, 28.11; Ai 6.5",,
,Goushi,句,"Yong, later Chu","Covered by a reservoir in an area once governed by Jun Co 均h, Hubei",30.5453899,114.34234,Wen 16.4,,
,Gouyi .,句[,"Zhu, later Lu.","SE of Zou Co uh, Shandong.",35.2910599,117.13367,"Ai 2.1(C), 14.1(C), 14.2.",,
,Gu,姑 (river),Qi,"Modern Dagu River 大姑河, Shandong",36.1858333,120.1177778,Zhao 20.6,,
,Gu,鼓,Dom,"Jin Co xh, Hebei",38.0359899,114.46979,"Zhao 15.5, 21.8, 22.4",,
,Gu,Y (1),Dom,"P, NW of Gucheng Co Y城h, Hubei",32.2633799,111.65304,"Huan 7.2(C), 7.1",,
,Gu,Y (2),Qi,"Dong’e Town |阿, Shandong",36.172849,116.28539,"Zhuang 7.5(C), 23.6(C); Xi 26.7(C), 26.7, 27.4, 28.3; Wen 17.3(C), 17.5(C), 17.3, 17.7; Xuan 14.6(C), 14.4; Cheng 5.3(C), 17.9, 18.2; Xiang 19.8(C), 19.6; Zhao 11.10; Ai 24.1, 27.3. See map 2",,
,Guan,管,Zheng,"Modern Zhengzhou City 州市, Henan",34.7472499,113.62493,Xuan 12.2,,
,Guan,菅,Song,"N of Dan Co 慰h, Shandong",34.7943799,116.08724,"Yin 10.3(C), 10.3",,
,Guan,^,"Dom, CN Yao 姚, later Wei","W of former Guancheng Co ^城h, Shandong",35.92774,115.39532,Zhao 1.2.,,
,Guan. .,,Song,"S of Cao Co 曹h, Shandong.",36.6682599,117.02076,"Xi 2.4(C), 2.3",,
,Guanshi,冠氏,Jin,"N of Guan Co 冠h and near Guantao ^陶, Shandong",36.535537,115.299524,Ai 15.4.,,
,Guayan . .,瓜衍,Jin,"N of Xiaoyi Co 孝xh, Shanxi.",37.1453399,111.77903,Xuan 15.6,,
,Guazhou,瓜州,Wei,"P, Modern Qinling Mountains 秦X, Shaanxi",34.2648599,108.95424,Xiang 14.1; Zhao 9.3.,,
,Gucheng .,Y城,Zhou,". NE of Luoyang City 洛市, Henan.",34.6181299,112.45402,Ding 8.2,,
,Gufen,姑棼,Qi,"NE of Boxing Co 博dh, Shandong",37.1529899,118.11096,Zhuang 8.3,,
,Gui,,Song,"In Sui Co 睢h, Henan",34.429664,115.080638,"Huan 12.6(C), 12.2",,
,Guiyan,鬼,Song,"NE of Xihua Co 西Ah, Henan",33.7675399,114.52974,Zhao 20.5,,
,Guiyin,,Lu,"SW of Xintai Co 新泰h, Shandong",35.77757,117.80172,"Ding 10.5(C), 10.3",,
,Gumie,姑蔑 (1),Lu,"Also known as “Mie” 蔑 NE of Sishui Co 泗水h, Shandong.",35.6647099,117.25216,Ding 12.2,,
,Gumie  (2).,姑蔑,,"Yue, near Quzhou 衢州, Zhejiang.",28.9359199,118.87419,Ai 13.3.,,
,Guo,虢 (1),Yan,"NW of Renqiu Co 任丘h, Hebei",38.7116399,116.09954,Zhao 7.1,,
,Guo,虢 (2),"Dom, CN Ji 姬","In Pinglu Co 平h, Shanxi",34.8369158,111.201448,"Zhuang 26.3, 27.5; Xi 2.2, 5.8.",,
,Guo River . .,t水,Zhu,"Modern Nansha River 南沙河, Hebei.",38.0359899,114.46979,"Xiang 19.3(C), 19.1; Ai 2.1",,
,Guqiu,Y丘,Song,"Same as Goudou Mound 句^之丘 SE of Shangqiu Co 商丘h, Shandong.",34.557344,115.621216,Huan 12.3(C),,
,Guyou . .,姑~,Zhou,Unk.,40.7011879,-99.1014292,Ding 6.8.,,
,Han .,n,Dom.,"Originally SE of Gu’an Co 固安h, Hebei; later moved to Hancheng Co n城h, Shaanxi.",35.4767129,110.4428557,Xi 24.2; Xiang 29.11.,,
,Handan,邯,"Wei, later incorporated into Jin.","Handan City 邯市,",36.6255599,114.53918,,,
,"Han ). . . Huan 8.2; Zhuang 4.1; Xi 4.1; Wen 10.3; Cheng 7.5; Xiang 28.8, 28.12; Zhao 13.2, 17.5, 29.4; Ding 3.4, 4.3; Ai 6.4.  . Modern Hebei. Ding 13.2; Ai 1.3, 3.5, 4.3. See map 3.",h (river,Chu,Unk,40.7011879,-99.1014292,,,
,Hanling,函陵,Zheng,"N of Xinzheng Co 新h, Henan",34.39603,113.73097,Xi 30.3,,
,Hanrui,hI,Chu,"P, N of Zhongxiang Co R祥h, Hubei",31.1679699,112.58817,Zhuang 4.1,,
,Hanshi,函氏,Xu,"N of Ye Co ~h, Henan",33.6268299,113.35737,Xiang 16.2,,
,Hanyuan. .,n原,Jin,"In Ruicheng Co 芮城h, Shanxi.",34.6936499,110.69442,"Xi 15.12(C), 15.4; Cheng 13.3, 16.5.",,
,Hao,z,Jin,"Gaoyi Co 高邑h and Baixiang Co 柏lh, Hebei",37.605111,114.597307,Ai 4.3,,
,He Marsh .,河,,"NE of Yanggu Co Yh, Shandong.",36.1144699,115.7913099,Xiang 14.4.,,
,Heirang,黑壤,Jin,"Possibly same as Huangfu S父 Mountain Modern Wu? ling Mountains X, NE of Yicheng Co 翼城h, Shanxi.",35.7382299,111.71836,"Xuan 7.5(C), 7.4",,
,Heng,M,Song,"SW of Shangqiu Co 商丘h, Henan",34.557344,115.621216,Zhao 21.4,,
,Hengshan,衡山 (mountain),Wu,"Modern Heng Mountain 衡山, Dangtu Co 涂h, Anhui",31.3000711,118.6982059,Xiang 3.1,,
,Hengyong,衡雍,Zheng,"W of Yuanyang Co 原h, Henan",35.052761,113.967907,"Xi 28.3; Wen 8.4(C), 8.4, Xuan 12.2; Xiang 8.8",,
,Hequ,河曲 (the bend of the Yellow River),Jin,"S of modern Yellow RiverS河, flowing east, Shanxi",37.8734299,112.56272,"Wen 12.7(C), 12.6; Cheng 13.3. See map 3",,
,Heyang,河,Jin,"W of Meng Co 孟h, Henan",34.9073499,112.79134,"Xi 28.16(C), 28.9",,
,Hong,t,Lu,Unk,40.7011879,-99.1014292,"Zhao 8.6(C), 8.4",,
,Hongkou,口,Song,"NW of Yucheng Co 虞城h, Henan",34.406742,115.864501,Zhao 21.6,,
,Hou,C,Lu,"SE of Dongping Co |平h, Shandong",35.92246,116.43753,"Zhao 25.10; Ding 10.6(C), 10.5, 10.7, 12.3(C), 12.2",,
,Hou,j,Zhou,"SW of Wuzhi Co 武陟h, Henan",35.0828107,113.4132662,Cheng 11.7,,
,Houli,侯,Qin,"S bank of Jing River 芩, a tributary of Wei River 渭水",34.90183312,108.4045632,Cheng 13.3.,,
,Hu  .,胡 (1).,"Dom, CN Gui w, later Chu","Modern Fuyang City 阜市, Anhui.",32.8896299,115.81495,ng 15.1(C) et passim.,,
,DiHu,胡 (2).,"Dom, CN Ji 姬, later Qi.","E of Luohe City 漯河市, Henan.",33.5814899,114.01681,"Ai 6.6, 8.4",,
,Hu,扈 (1),Ancient dom,"N of Hu Co 艨h, Shaanxi",34.1084699,108.60494,Zhao 1.2,,
,Hu,扈 (2),Qi,"P, in Fan Co 范h, Shandong",36.6682599,117.02076,Zhuang 23.1(C),,
,Hu,扈 (3),Zheng,"W of Yuanyang Co 原h, Henan",35.052761,113.967907,"Wen 7.8(C), 7.6, 8.4, 15.10(C), 15.9, 17.4(C), 17.4; Xuan 1.8, 9.7(C), 9.9(C), 9.4; Cheng 16.14(C), 16.11; Zhao 27.5(C), 27.4.",,
,Hua .,滑 (1).,Zheng,"NW of Sui Co 睢h, Henan.",34.429714,115.081093,"Zhuang 3.5(C), 3.4",,
,Hua,滑 (2),"Dom, CN Ji 姬, taken by Zheng, then Jin, then Zhou","Also known as Bihua M滑 Goushi Town 氏, Yanshi Co 偃h, Henan.",34.61369,112.78659,"Xi 20.4(C), 20.2, 24.2, 33.1(C), 33.1; Cheng 17.1; Xiang 29.11; Zhao 26.7, 26.9; Ding 6.5.",,
,Huai  (river).,淮,,Modern Huai River 淮河.,32.7952408,116.9827042,Huan 8.2; Zhao 12.4; Ding 4.3; Ai 9.5,,
,Huai,,"Zhou, taken by Zheng, then Jin","W of Wushe Co 武涉h, Henan",34.7657099,113.75322,Yin 11.5; Xuan 6.3.,,
,Huaitui . .,碾P,Lu,"In Qufu Co 曲阜h, Shandong.",35.53986,117.04719,"Cheng 16.5, 16.6; Ding 1.2",,
,Huan,,"Lu, taken and then returned by Qi","N of Ningyang Co h, Shandong",35.7605999,116.80112,"Huan 3.6(C), 3.7; Ding 8.10, 10.5(C), 10.3; Ai 8.3(C), 8.7(C), 8.3, 8.7, 15.4",,
,Huan (river).,洹,,"Modern Anyang River 安河, Henan.",36.097524,114.3930629,Cheng 17.8.,,
,Huang,皇,Zhou,"SW of Gong Co h, Henan",34.7479799,113.02206,"Zhao 22.7(C), 22.5",,
,Huang  (1).,S,"Dom, CN Ying 嬴.","In Huangchuan Co 潢川h, Henan.",32.111142,115.103443,Huan 8.2.,,
,Huang,S (2),Song,"E of Minquan Co 民嗫h, Henan",34.6762399,115.40713,Yin 1.8,,
,Huang,S (3),Qi,"NE of Zichuan District 淄川^, Zibo City 淄博市, Shandong",36.6434999,117.96673,"Huan 17.1(C), 17.1; Xuan 8.2(C); Ding 12.7(C), 12.9(C)",,
,Huangchi,S池.,,"S of Fengqiu Co 封丘h, Henan.",35.0411899,114.41861,"Ai 13.3(C), 13.2, 20.3.",,
,Huangfu,S父 (mountain),Jin,"Possibly same as Heirang 黑壤 Modern Wu?ling Mountains X, NE of Yicheng Co 翼城h, Shandong.",36.6682599,117.02076,"Wen 17.4; Xuan 7.4; Zhao 25.2(C), 25.3; Ding 4.2.",,
,"Huanggu . , .",荒谷,Chu,"outside cap. W of Jinan Wall o南城, N of Jiangling Co 江陵h, Hubei",30.0418399,112.4247,Huan 13.1,,
,Huangpu,荒浦,Shu 舒,"On Huangpi River S陂河, SE of Shucheng Co 舒城h, Anhui",31.4834699,116.95845,Xiang 24.9.,,
,Huangya . .,S崖,Zheng,"S of Xinzheng Co 新h, Henan.",34.39603,113.73097,Xiang 28.12,,
,Huanyuan,S@ (mountain),Zhou,"NW of Dengfeng Co 登封h, Henan",34.45488,113.01869,Xiang 21.5.,,
,Huarui (river). . .,滑I,Chu,Unk,40.7011879,-99.1014292,Xuan 8.3,,
,Huchu,狐、厨 (disputed whether this is two places or one),Jin,"P, near Former Xiangling Town 襄陵, Shanxi",35.97121,111.36472,Xi 16.3.,,
,Hui . .,虺,Chu,"In Lujiang Co ]江h, Anhui.",31.3247199,117.09296,Cheng 17.11,,
,Hukou,乜,Jin,"Modern Huguan 仃P, SE of Changzhi Co L治h, Shanxi",36.1156699,113.20733,Ai 4.3.,,
,Hulao . .,虎牢,Zheng,"Probably to be identified with Zhi 制. Modern Sishui Community 汜水公社, Rongyang Co sh, Henan.",34.7876199,113.38349,"Zhuang 21.1; Xi 4.2; Wen 8.1; Xiang 2.9(C), 2.5, 2.7, 9.5, 10.9(C), 10.10. See map 3.",,
,Huo,霍 (1).,"Dom, CN Ji 姬, later Jin.","SW of Huo Co 霍h, Shanxi.",36.5687698,111.7550647,Min 1.6; Xi 24.2; Xiang 29.11.,,
,Huo,霍 (2).,,"Unclaimed, later Chu. In Linru Co R汝h, Henan.",34.259004,112.603537,Ai 4.2,,
,Huoren,霍人,Jin,"E of Fanshi Co 繁峙h, Shanxi",39.1890399,113.26547,Xiang 10.2,,
,Huqiu,厍,Chen,"SE of Xincai Co 新蔡h, Henan",32.74804,114.97608,Wen 9.7,,
,Huqiu,瓠丘,Jin,"SE of Yuanqu Co 垣曲h, Shanxi",35.29352,111.64815,Xiang 1.1,,
,Hurang,狐壤,Zheng,"N of Xuchang City S昌市, Henan",34.1259599,113.82272,Yin 11.8,,
,Huren,狐人,Zhou,"In Linying Co R}h, Henan",33.8296951,113.9674515,Ding 6.5,,
,Hutai . Same place as Taishang ~上. .,狐~,Zhu,"S of Teng Co 滕h, Shandong.",35.084021,117.164388,,,
,Huyou,綦,,"NE of Lankao Co m考h, Henan.",34.9677799,115.028,Xiang 4.8.. Ai 13.4.,,
,Ji,o,"Dom, CN Jiang 姜","S of Shouguang Co Vh, Shandong",36.6845599,118.4796599,Yin 1.6 ? et passim. See map 2,,
,Ji,O,Dom,"Neighboring Lu, also considered part of Lu S of Jinxiang Co 金lh, Shandong.",35.07012,116.31894,"Yin 2.3(C), 2.3",,
,Ji,棘 (1),Chu,"S of Yongcheng Co 永城h, Henan",33.9291499,116.44946,"Xiang 26.10; Zhao 4.7, 5.8",,
,Ji,棘 (2),Lu,"S of Feicheng Co 肥城h, Shandong",36.13762,116.57356,"Cheng 3.9(C), 3.5",,
,Ji,棘 (3),Qi,"NW of Linzi District R淄^, Zibo City 淄博市, Shandong",36.7993999,118.38912,Zhao 10.2.,,
,Ji . .,冀 (1),,"Dom NE of Hejin Co 河津h, Shanxi.",35.5964299,110.71186,"Xi 2.2, 25.4, 33.6",,
,Ji 冀 / Jifang 冀方 (2). .,,Jin,N of Hebei and Shanxi.,38.0359899,114.46979,Zhao 4.1; Ai 6.4.,,
,Ji,箕,Jin,"NE of Bo Co 薄h, Shanxi",37.8734299,112.56272,"Xi 33.8(C), 33.6; Wen 2.1; Cheng 13.3, 16.5; Zhao 23.2, 24.2.",,
,Ji . . .,D,Lu,Unk,40.7011879,-99.1014292,"Zhuang 9.2(C), 9.2",,
,Ji Marsh,u,Jin,"NE of Handan City 邯市, Hebei",36.6255599,114.53918,"Xiang 3.5(C), 3.5, 3.9, 5.5, 30.10",,
,"Ji River, west . .",西,Lu,West bank of the Ji River 水.,31.9465703,35.3027226,"Zhuang 18.2(C), 18.3; Xi 31.1(C), 31.1; Xuan 1.8(C), 1.7, 10.3(C), 10.1.",,
,Jia  (1). .,P,Zhou,"Modern Luoyang City 洛市, Henan.",34.6181299,112.45402,"Huan 7.3; Xiang 24.11, 25.16, 26.14.",,
,Jia,P (2),"Zheng, then Chu","Area formerly governed by Jia Co Ph, Henan",33.9717999,113.21262,"Zhao 1.13, 19.1.",,
,Jia . . .,{,Chu,Unk,40.7011879,-99.1014292,Cheng 17.11; Xiang 3.1,,
,Jiagu,A谷,Qi,"Jiawu Co vh, Shandong",36.6682599,117.02076,"Ding 10.2(C), 10.3(C), 10.1. See map 2",,
,Jian,T,Zhou,Unk,40.7011879,-99.1014292,Zhao 22.5,,
,Jiancheng,城,"Zhou, near Wangcheng 王城",Unk,40.7011879,-99.1014292,Ding 8.2,,
,Jiang,江,Dom,"SW of Xi Co 息h, Henan",32.3428199,114.74024,"Xi 2.3, 5.7; Wen 3.4(C), 3.7(C), 3.6, 4.4(C), 4.6; Xuan 3.6",,
,Jiang,{ (2),Cap of Jin x,"Modern Houma City 侯R市, Shanxi",35.613861,111.364316,"Xiang 23.3; Zhao 1.8, 9.5; Ding 13.1, 13.2, 14.6. See map 3.",,
,Jiantu,`土,Zheng,"SW of Yuanyang Co 原h, Henan",35.052761,113.967907,"Xi 28.8(C), 28.3, 29.2; Xiang 20.4; Zhao 4.3, 25.3; Ding 1.1, 4.1. See map 3.",,
,Jiao . .,郊 (1),Zhou,"Near Gong Co h, Henan.",34.7479799,113.02206,"Zhao 12.8, 22.5, 23.4(C), 23.1, 26.9",,
,Jiao,郊 (2),Jin,"Possibly same as Hao z In Wenxi Co 喜h, Shanxi.",35.406317,111.341279,Wen 3.4,,
,Jiao,郊 (3),Lu,Unk,40.7011879,-99.1014292,"Ai 11.1, 11.3",,
,Jiao,郊 (4),Cao,"In Heze Co 菏煽h, Shandong",35.15129,115.50733,Ding 12.1,,
,Jiao,焦 (1),"Dom, later Jin","Modern Sanmenxia City 三T{市, Henan",34.7727068,111.2000526,Xi 30.3; Xuan 2.2; Xiang 29.11; Zhao 22.5.,,
,"Jiao ,",焦 (2).,Chen later Chu.,"Modern Bo Co 亳h, Anhui.",31.8615699,117.28565,Xi 23.3; Xiang 1.2,,
,Jiao,g (1),"Dom, later Chu","NW of Yun Co yh, Hubei",32.8348799,110.81197,"Huan 11.2, 12.3, 12.4",,
,Jiao,g (2),Zhu,"N of Teng Co 滕h, Shandong",35.084021,117.164388,Ai 2.1,,
,Jiaogang,交,Jin,"Modern Xi Co 隰h, Shanxi",36.6934399,110.94049,"Cheng 12.3(C), 12.3",,
,Jiaoying,郊郢,Chu,"Modern Zhongxiang Co R祥h, Hubei",31.1679699,112.58817,Huan 11.2,,
,Jie,解,Zhou,"S of Luoyang City 洛市, Henan",34.6181299,112.45402,Zhao 22.5,,
,Jie,介,Dom,"S of Shandong, N of Xiao Co h, Anhui",34.2940499,116.93133,Xi 30.5(C),,
,Jiegen  . .,介根.,Qi,Unk,40.7011879,-99.1014292,Xiang 24.6.,,
,Jifu,u父,Chu,"SE of Gushi Co 固始h, Henan",32.01118,115.64366,"Zhao 23.7(C), 23.5",,
,Jiling,e陵,"Huang, later Chu","SW of Huangchuan Co 潢川h, Henan",32.111142,115.103443,Zhuang 19.1.,,
,Jima . .,bR,Jin,"S of Yongji Co 永h, Shanxi.",34.8671599,110.44773,Wen 12.6; Cheng 13. 3,,
,Jin,津,Chu,"Near Jiangjincheng 江津成, S of Jiangling Co 江陵h, Hubei",30.04166,112.42398,Zhuang 19.1.,,
,Jin side of the Yellow River . .,河,Jin,"Ji Co, 汲h, Henan.",35.3984699,114.06459,Ding 13.1,,
,Jing,京 (1),Zheng,"SE of Xingyang Co 铌h, Henan",34.7901604,113.410389,Yin 1.4,,
,Jing,京 (2),Zhou,"SW of Luonan City 洛南市, Shaanxi",34.0908202,110.1484195,Zhao 22.5,,
,Jing,G,Chu,Unk,40.7011879,-99.1014292,"Zhuang 10.5(C), 14.3(C), 16.3(C), 28.3(C); Zhao 13.5",,
,Jing, (river),Qin,Unk,40.7011879,-99.1014292,Cheng 13.3; Xiang 14.3,,
,Jingbo.,景亳,,"N of Shangqiu City 商丘市, Henan.",34.4142699,115.65635,Zhao 4.3.,,
,Jingchu,京楚,Zhou,"Near Luoyang City 洛市, Henan",34.6181299,112.45402,Zhao 22.5,,
,Jingshan,G山 (mountain),Chu,"W of Nanzhang Co 南漳h, Hubei",31.7747099,111.83902,"Zhao 4.1, 12.11.",,
,Jingzi . .,京,Qi,"SE of Pingyin Co 平h, Shandong.",36.27467,116.48559,Xiang 18.3,,
,Jinxiang,祥,Lu,"In Qufu Co 曲阜h, Shandong",35.53986,117.04719,"Zhao 11.7(C), 11.4",,
,Jinyang,x,Jin,"SW of Taiyuan City 太原市, Shanxi",37.8705899,112.55067,"Ding 13.5(C), 13.2",,
,Jinyin,堇,Jin,"E of Linyi Co R猗h, Shanxi",35.1447099,110.77408,"Wen 7.4, 8.7",,
,Jipu,棘蒲,Jin,"Zhao Co wh, Hebei",37.7563099,114.77616,Ai 1.5,,
,Jiquan,G泉,Zhou,"SE of Luoyang City 洛市, Henan",34.6181299,112.45402,Zhao 22.5,,
,Jisui,隧,Zheng,"A tributary of a former course of the Yellow River W of Yuanyang Co 原h, Henan",35.052761,113.967907,Xiang 11.3,,
,Jiucui,臼衰,Jin,"NW of Former Jie Co 解h, Shanxi",37.8734299,112.56272,Xi 24.1,,
,Jiuxu,fS,"Xu, old territory",Unk,40.7011879,-99.1014292,Xiang 11.3; Zhao 12.11,,
,Jiuzi,F,Wu,"SE of Wuhu Co 湖h, Anhui",31.2354799,118.63601,Xiang 3.1,,
,Jiwei,棘,Chu,Unk,40.7011879,-99.1014292,Zhao 13.2,,
,Jixia,棘下,"Lu, within cap walls",Unk,40.7011879,-99.1014292,Ding 8.10,,
,Jizhang,o鄣 / Ji o / Jipeng o彭,Ju,"N of Ganyu Co M榆h, Jiangsu",34.8423299,119.10629,See also Zhang 鄣. Zhao 19.7,,
,Ju,莒 (1),Dom,"First cap Jiegen 介根, SW of Jiao Co z, Shandong Later cap Ju 莒, modern Ju Co 莒h, Shandong.",35.652263,118.840515,Yin 2.2(C) et passim. See map 2,,
,Ju,莒 (2),Qi,Unk,40.7011879,-99.1014292,"Zhao 3.10, 10.2",,
,Ju,莒 (3),Zhou,Unk,40.7011879,-99.1014292,Zhao 26.9,,
,Ju,`,Cai,"In Shangcai Co 上蔡h, Henan",33.26913,114.26963,Zhao 23.7,,
,Ju,聚,Jin,"SE of Jiang Co {h, Shanxi",35.4914599,111.56878,Zhuang 25.4,,
,Ju Dam,α,Jin,"W of Jiyuan Co 源h, Henan",35.0745099,112.60383,"Xiang 16.2(C), 16.1, 18.3, 22.2",,
,Juan,鄄 (1),Zhou,Unk,40.7011879,-99.1014292,Cheng 11.5,,
,Juan,鄄 (2),Wei,"NW of Juancheng Co 鄄城h, Shandong",35.54971,115.59926,"Zhuang 14.4(C), 14.4, 15.1(C), 19.3(C); Xiang 14.4; Zhao 20.4; Ai 17.5, 25.1",,
,Juanchu,卷楚,Jin,"SW of Jiyuan Co 源h, Henan",35.0745099,112.60383,Xuan 17.1,,
,Juemo,厥貉,Que,"In Xiangcheng Co 城h, Henan",33.43374,114.81779,"Wen 10.7(C), 10.5, 10.6",,
,Jueyin . .,厥,Wei,"In Xinxiang Co 新lh, Henan.",35.1907899,113.80516,"Zhao 11.8(C), 11.5.",,
,Jufu,莒父,Lu,"Modern Ju Co 莒h, Shandong",35.5799699,118.83687,Ding 14.15(C),,
,Juju,鞫居,Wei,Unk,40.7011879,-99.1014292,Cheng 2.2,,
,Jumeng,句,Lu,Unk,40.7011879,-99.1014292,Wen 15.4,,
,Jun,麇 (1),Chu,"In Jingshan Co 京山h and Tianmen Co 天Th, Hubei",30.6633899,113.16614,"Ding 5.5, 5.7.",,
,Jun .,麇 (2),,"Dom. Modern Yun Co yh, Hubei.",32.8348799,110.81197,"Wen 11.1, 16.4",,
,Junxiang,祥,Chu,"SW of Sui Co Sh, Hebei",32.369777,113.184864,Ding 5.5,,
,Juyu,且于,Ju,"In Ju Co 莒h, Shandong",35.5799699,118.83687,"Xiang 23.7, 25.2",,
,Juzhi. .,且知,Lu,"Near Yuncheng Co i城h, Shandong.",35.4139399,115.83012,Zhao 27.5.,,
,Kan,R,Lu,"In an area covered by modern Nanwang Lake 南旺湖, Shandong",35.584887,116.367319,"Huan 11.7(C); Zhao 25.6, 32.2(C).",,
,Kankan. .,坎K,Zhou,"SE of Gong Co h, Henan.",34.7479799,113.02206,Xi 24.2,,
,Ke,柯 (1),Jin,"NE of Neihuang Co 赛Sh, Henan",35.9471399,114.8993599,"Xiang 19.14(C), 19.12",,
,Ke,柯 (2),Qi,"E’cheng Town 阿城, Shandong",36.16297,116.05615,"Zhuang 13.4(C), 13.2",,
,Ke Marsh,柯,Zheng,Unk,40.7011879,-99.1014292,Xi 22.9,,
,Keling,柯陵,Zheng,"S of Xuchang Co S昌h, N of Linying Co R}h, Henan",33.8095799,113.93443,"Cheng 17.3(C), 17.4.",,
,Kong Marsh . . .,空,Song,Unk,40.7011879,-99.1014292,Ai 26.2,,
,Kuai,蒯,Zhou,"NW of Luoyang City 洛市, Henan",34.6181299,112.45402,Zhao 23.3,,
,Kuaicheng,城,Zheng,"NW of Xinzheng Co 新h, Henan",34.39603,113.73097,Xi 33.9,,
,Kuaiji     . .,稽.,Cap of Yue 越,"near modern-day Kuaiji Mountain 稽山, Shao?x ing Co Bdh, Zhejiang.",30.124975,120.401721,Ai 1.2. See map 4.,,
,Kuang,匡 (1),Song,"W of Sui Co 睢h, Henan.",34.429714,115.081093,"Xi 15.3(C), 15.1.",,
,Kuang,匡 (2),Zheng,"Changyuan Co L垣h, Henan",35.0744299,114.7629,"Wen 1.5, 8.1; Ding 6.2",,
,Kui,睽,Chu,Unk,40.7011879,-99.1014292,Xi 27.4,,
,Kui,夔,Wei,"Near Zigui 秭w, Hubei",30.8257799,110.97768,"Xi 26.6(C), 26.5",,
,Kuihuangshi,`S氏,Wu,"In Xuancheng Co 宣城h, Anhui",30.9407799,118.75866,Ai 16.5,,
,Kuiqiu,葵丘 (1),Qi,"W of Linzi R淄, Shandong",36.85287,118.302,Zhuang 8.3,,
,Kuiqiu,葵丘 (2),Song,"E of Lankao Co m考h, Henan",34.9677799,115.028,"Xi 9.2(C), 9.4(C), 9.2, 15.1",,
,Kuiquan,逵泉,Lu,"SE of Qufu Co 曲阜h, Shandong",35.53986,117.04719,Zhuang 32.4,,
,Kundu,昆都,Jin,"S of Linfen City R汾市, Shanxi",36.0882199,111.51962,Xi 16.3,,
,Kunwu Tower .,昆吾之^ (昆吾之).,Wei,"In cap, S of Northern Palace.",53.989259,-122.7897924,Ai 17.5.,,
,Kushou . .,刳首,Jin,"Former Linjin Co Rxh, Shanxi.",35.1447099,110.77408,Wen 7.4.,,
,Lai,[ (1),"Qi P, ancient Lai R dom","SE of Changyi Co 昌邑h, Shandong.",36.9598,119.38951,Xiang 14.4.,,
,Lai  ..,[ (2).,Zheng  Possibly same as Shilai r[,"N of Zhengzhou City 州市, Henan.",34.7472499,113.62493,Yin 11.2.,,
,Lai .,R (1),"Dom, CN Jiang 姜, later Qi.",".  SE of Changyi Co 昌邑h, Shandong",36.9598,119.38951,"Xuan 7.2(C); Xiang 2.2, 6.8(C), 6.7, 14.4, 28.9.",,
,Lai . .,R (2),Qi,"At Lai Mountain R山, SE of Huang Co Sh, Shandong.",37.6434499,120.47872,Ai 5.3.,,
,Lai . . .,R (mountain) (3),Lu,"In Laiwu Co Rh, Shandong",36.2546,117.75535,Zhao 7.5,,
,Lai, (1),Dom,"Modern Lishandian 山店, Sui Co Sh, Hubei",31.85546,113.29879,"Huan 13.1; Zhao 4.4(C), 4.4, 4.7.",,
,Lai . ., (2),Qi,"NW of Zhangqiu Co 章丘h, Shandong.",36.85607,117.49597,"Ai 6.6, 10.4",,
,Lan,E,"Zhu, later Lu","SE of Teng Co 滕h, Shandong",35.084021,117.164388,"Zhao 31.6(C), 31.5",,
,Lane of Shisun,士O之里,"Qi, near cap",Unk,40.7011879,-99.1014292,Xiang 25.2,,
,Lang,郎,Lu,"NE of former Yutai Co ~_h, Shandong",35.0116099,116.65046,"Yin 1.3; Huan 4.1(C), 4.1; Zhuang 8.1(C), 10.4(C), 10.2; Min 1.4",,
,Langyuan,狼Y,Zheng,"W of Xuchang City S昌市, Henan",34.1259599,113.82272,Wen 9.5,,
,Laoqiu,老丘,Song,"SE of Kaifeng City _封市, Henan",34.7569999,114.44136,Ding 15.4,,
,Laotao,老桃,Song,"NE of Jining City h, Shandong",35.4145899,116.58724,Yin 10.3,,
,Lesser Zhu,小邾,"Dom, CN Cao 曹","Possibly the same place as Ni \ (1) SE of Teng Co 滕h, Shandong.",35.084021,117.164388,"Xi 7.2(C), et passim. See map 2",,
,Li,犁 (1),Qi,Unk,40.7011879,-99.1014292,Ai 10.4,,
,Li,犁 (2),Wei,"P, near Anyang 安, Henan",36.1598999,114.41365,Ai 11.6,,
,Li,黎 / Lishidi 黎氏地,Wei,"SW of Changzhi Co L治h, Shanxi",36.0531199,113.05135,Zhao 4.3; Xuan 15.3.,,
,Li .,,,"Dom. E of Luyi Co 鹿邑h, Henan.",33.8600899,115.48443,"Xi 15.5(C), 15.3, 16.2; Xuan 9.7, 11.6",,
,Li, (1),Chu,"N of Shangcai Co 上蔡h, Henan",33.26913,114.26963,"Zhao 1.13, 4.7, 5.8, 13.2",,
,Li, (2),Jin,Unk,40.7011879,-99.1014292,"Xiang 11.6, 14.3",,
,Li, (3),Zheng,"Yu Co 禹h, Henan",34.7657099,113.75322,"Huan 15.9(C), 15.6; Zhuang 14.2, 16.2, 20.1; Xi 24.2; Xuan 11.1; Zhao 11.10",,
,Li,,Chu,"In Wuwei Co o榭h, Anhui",31.3187699,117.88726,Cheng 17.11,,
,Li,B,Lu,Unk,40.7011879,-99.1014292,"Xi 1.9(C), 1.6",,
,Li Marsh,笠,Wu,Modern Wusong River 卿两,31.2488889,121.48,Ai 17.2,,
,Lian,,Zhou,Unk,40.7011879,-99.1014292,Zhao 29.2,,
,Liang,良 (1).,,"P, near Pi Co 丕h, Jiangsu.",32.0607099,118.76295,Zhao 13.3.,,
,Liang,良 (2).,,"P, near Suzhou K州, Jiangshu.",31.2983399,120.58319,Ai 15.2.,,
,Liang,梁 (1),"Dom, CN Ying 嬴","S of Hancheng Co n城h, Shaanxi",35.47754,110.47562,Huan 9.3.,,
,Liang . .,梁 (2),Wei,"W of Linru Co R汝h, Henan.",34.259004,112.603537,Ai 4.2,,
,Liangqiu,梁丘,Song,"NE of Chengwu Co 城武h, Shandong",34.9496727,115.8976627,"Zhuang 32.2(C), 32.2",,
,Liangu,BY,"Chu, area outside Fangcheng 方城",Unk,40.7011879,-99.1014292,Xi 28.4,,
,Lianyu,坑,Wei,"SE of Puyang Co 濮h, Henan",35.5764999,115.26089,Xi 28.1; Xuan 17.1,,
,Liao,蓼 (1),Dom,"S of Tanghe Co 唐河h, Henan",32.697086,112.840602,Huan 11.2; Ai 17.4,,
,Liao,蓼 (2),Dom,"NE of Gushi Co 固始h, Henan",32.1683899,115.65481,Wen 5.4,,
,Liaoshe,聊z,Qi,"NW of Liaocheng Co 聊城h, Shandong",36.4625,115.87156,Zhao 20.6,,
,Liaoyang,L,Chu,"P, NW of Nanyang City 南市, Henan",32.68649,112.60989,Xuan 4.3,,
,Licheng,x城,Wei,"W of Shucheng Co 舒城h, Anhui",31.4834699,116.95845,Xiang 25.8,,
,Ligu,x姑,Zhu,Unk,40.7011879,-99.1014292,Zhao 23.2,,
,Lin,R,Jin,"SW of Lincheng Co R城h, Hebei",37.44018,114.55983,Ai 4.3,,
,"Ling . , . .",泠,Wei near Lu,Unk,40.7011879,-99.1014292,Ai 25.1.,,
,Ling,I (mountain),Zhou,"Modern Huanyuan Mountain S@山, Henan",34.530192,112.941402,Zhao 22.5.,,
,Lingban . .,陵阪,Lu,"NE of Qufu Co 曲阜h, Shandong.",35.53986,117.04719,Ai 27.4,,
,Lingdun,泠敦,Xu,"In Xuchang Co S昌h, Henan",34.1259599,113.82272,Cheng 4.5,,
,Linghu,令狐,Jin,"W of Linyi Co R猗h, Shanxi",35.1447099,110.77408,"Xi 24.1; Wen 7.6(C), 7.4, 8.2, 12.6; Cheng 11.9, 13.3",,
,Linpin,R品,Chu,"In Jun Co 均h, Hubei",30.5453899,114.34234,Wen 16.4,,
,Linqiu,[丘,Qi,"NE of Juancheng Co 鄄城h, Shandong",35.54971,115.59926,"Xiang 26.14; Ding 8.4; Ai 20.1, 24.1",,
,Linyan,[延,Zheng,"N of Yanjin Co 延津h, Henan",35.1419399,114.20515,"Yin 1.4, 1.11",,
,Lishen,,Que,Unk,40.7011879,-99.1014292,"Cheng 17.10(C), 17.8",,
,Liu,六,"Ancient dom, later Chu","N of Liu’an Co 六安h, Anhui",31.7348799,116.5232399,"Wen 5.6(C), 31.4",,
,Liu, (1),Lu,"In Qufu Co 曲阜h, Shandong",35.53986,117.04719,Xiang 15.1(C),,
,Liu, (2),Zheng,"S of Yanshi Co 偃h, Henan",34.7276299,112.78965,Yin 11.5,,
,Liu, (3),Zhou,"SW of Yanshi Co 偃h, Henan",34.7276299,112.78965,"Zhao 22.5, 23.3, 26.5, 26.7",,
,Liufen,柳棼,Zheng,Unk,40.7011879,-99.1014292,Xuan 9.8,,
,Long,,Lu,"SE of Tai’an Co 泰安h, Shandong",36.1999399,117.0884,Cheng 2.1,,
,Loulin,淞,Que,"NE of Si Co 泗h, Anhui",33.6514899,118.09,"Xi 15.11(C), 15.7, 17.1",,
,Lower Yin,下,Chu,"NW of Guanghua Co 光化h, Hubei",30.5453899,114.34234,Zhao 19.1,,
,Lu,,"Dom, CN Ji 姬","Cap near Qufu 曲阜, Shandong",35.53986,117.04719,Yin preface et passim. See map 1.,,
,Lù .,潞 (1),"Di 狄 land, then Jin.","NE of Lucheng Co 潞城h, Shaansi.",36.3335642,113.2922553,Wen 11.5; Xuan 15.3; Ding 14.9.,,
,Lu . . .,潞 (2),Qi,Unk,40.7011879,-99.1014292,"Ai 8.6, 17.5",,
,Lú . .   .,R (1),Qi,"SW of Changqing Co L清h, Shandong.",36.5566699,116.74272,"Yin 3.6; Cheng 17.6, 17.9; Xiang 18.3, 29.16",,
,Lu,] (2).,Chu,"E of Nanzhang Co 南漳h, Hubei.",31.7747099,111.83902,"Wen 14.10, 16.4.",,
,Lü  ., (1).,Chu,"W of Nanyang City 南市, Henan.",32.68649,112.60989,Cheng 7.5.,,
,Lü . ., (2),Song,"SE of Xuzhou City 徐州市, Jiangsu.",34.2043999,117.28577,Xiang 1.3.,,
,Luan,,Jin,"N of Luancheng Co 璩强h and Zhao Co wh, Hebei",37.88704,114.65866,Ai 4.3,,
,Luliu,]柳,Jin,"N of Linyi Co R猗h, Shanxi",35.1447099,110.77408,Xi 24.1,,
,Lun,],Wei,"SE of Yucheng Co 虞城h, Henan",34.406742,115.864501,Ai 1.2,,
,Luo,,Song,"Same as Cheng f P, NW of Huaiyang Co 淮h, Henan.",33.7314999,114.88614,Xi 1.4.,,
,Luo . .,雒 (1),Jin,"SE of Dali Co 大荔h, Shaanxi.",34.7956039,109.9420041,Xuan 15.5,,
,Luo,雒 (river) (2),Zhou,Modern Luo River 洛水,34.8,113.0666667,Xuan 3.3; Zhao 17.4,,
,Luo,_,"Dom, CN Xiong 熊",Unk,40.7011879,-99.1014292,"Huan 12.4, 13.1",,
,Luo,T,Qi,"Modern Baotu Spring 趵突泉, Jinan Co 南市, Shandong",36.66119,117.015954,"Huan 18.1(C), 18.1",,
,Luogu,落姑,Qi,"P, in Pingyin Co 平h, Shandong",36.27467,116.48559,"Min 1.4(C), 1.4",,
,Luoyi,雒邑,Zhou,"Modern Luoyang City 洛市, Henan",34.6181299,112.45402,Huan 2.2,,
,Lüqiu . .,丘,"Zhu, later Lu","NE of Zou Co uh, Shandong.",35.2910599,117.13367,"Xiang 21.2(C), 21.2.",,
,Lurong .,R戎,"Dom, CN Wei .","NE of Nanzhang Co 南漳h, Hubei.",31.7747099,111.83902,Huan 13.1.,,
,Lushang,鹿上,Song,"SW of Juye Co 巨野h, Shandong",35.3963299,116.09495,"Xi 21.2(C), 21.1",,
,Luxian .,h,,"NE of Lushan Co 山h, Henan.",33.7385399,112.90802,Zhao 29.4.,,
,Ma,麻,Chu,"NE of Dangshan Co X山h, Anhui",34.5605699,116.3356299,"Zhao 4.7, 5.8",,
,Maling,R陵,Que,"SE of Daming Co 大名h, Hebei",36.2846489,115.1576326,"Cheng 7.6(C), 7.4, 7.5",,
,Man,U,Wei,"SE of Ruyang Co 汝h, Henan",34.004797,112.480076,Zhao 16.2,,
,Man,,Zheng,Unk,40.7011879,-99.1014292,Cheng 3.1,,
,Manshi,U氏,Wei,"P, modern Rongman 戎U, Ruyang Co 汝h, Henan",34.004797,112.480076,Cheng 6.4; Zhao 16.2; Ai 4.2.,,
,Mao .,毛,"Dom, CN Ji 姬.","In Yiyang Co 宜h, Henan.",34.52253,112.17772,Xi 24.2,,
,Mao,茅,"Dom, later Zhu","NW of Jinxiang Co 金lh, Shandong",35.0666099,116.31148,Xi 24.2; Xiang 12.3; Ai 7.4.,,
,Mao Ford . .,茅津,Jin,"Ford on the Yellow River S河. In Pinglu Co 平h, Shanxi.",34.8346699,111.19474,Wen 3.4.,,
,Maorong  .,茅戎.,Wei,"W of Jiyuan Co 源h, Henan.",35.0745099,112.60383,Cheng 1.1,,
,Maoshi,茅氏,Wei,"NW of Puyang Co 濮h, Henan",35.5764999,115.26089,Xiang 26.3,,
,Mashou,R首,Jin,"Modern Mashou Town R首, S of Shouyang Co 坳h, Shanxi",37.82729,113.14768,Zhao 28.3.,,
,Masui  .,麻隧.,Qin,"N of Jingyang Co 荜h, Shaanxi.",34.55268,108.84587,Cheng 13.3,,
,Maxing,R,Qi,"SW of Yidu Co 益都h, Shandong",36.69808,118.47971,Cheng 2.3,,
,Mei,媚,Qi,"Yucheng Co 禹城h, Shandong",36.97169,116.68383,Ding 9.4; Ai 15.4,,
,Mei,d,Lu,"S of former Shouchang Co 坶Lh, Shandong",36.6682599,117.02076,"Zhuang 28.4(C), 28.5",,
,Meishan,梅山 (mountain),Zheng,"On the border between Zhengzhou Co 州h and Xinzheng Co 新h, Henan",34.39603,113.73097,Xiang 18.4,,
,Meng,,Cao,"NW of Heze Co 菏煽h, Shandong",35.15129,115.50733,Zhao 20.2(C),,
,Meng,蒙,Lu,"E of Mengyin Co 蒙h, Shandong",35.71028,117.96046,Ai 17.6,,
,Meng Ford,孟津,Jin,"Yellow River S河, S of Meng Co 孟h, Henan",34.9073499,112.79134,Zhao 4.3,,
,Meng Marsh . .,蒙,Song,"N of Shangqiu Co 商丘h, Henan.",34.557344,115.621216,Zhuang 12.1,,
,Mengmen,孟T,Jin,"W of Hui Co xh, Henan",35.4621199,113.8054,Xiang 23.4,,
,Mi,弭,Zheng,"In Mi Co 密h, Henan",34.5395199,113.39044,Zhuang 21.1,,
,Mi,密 (1),Lu,"N of Fei Co Mh, Shandong",35.278287,117.979969,Min 2.3,,
,Mi,密 (2),Ju,"E of Changyi Co 昌邑h, Shandong",36.9598,119.38951,"Yin 2.7(C), 2.6",,
,Mian, (1),Zheng,Unk,40.7011879,-99.1014292,Wen 1.5,,
,Mianshang,上,Jin,"Foot of modern Mount Jie 介山, Jiexiu Co 介休h, Shanxi",37.0270999,111.91672,Xi 24.1; Xiang 13.3; Ding 6.6.,,
,Miao . .,苗,Jin,"SW of Jiyuan Co 垣h, Henan.",35.0670699,112.60273,Xiang 26.10,,
,Mie,蔑,Lu,"Possibly the same place as Gumie 故蔑 E of Sishui Co 泗水h, Shandong.",35.55034,117.24158,"Yin 1.2(C), 1.2; Huan 17.2.",,
,Min . .,,Song,"NE of Jinxiang Co 金lh, Shandong.",35.0666099,116.31148,"Xi 23.1(C), 23.1, 26.7(C), 26.6",,
,Ming,冥,Yue,"Between Guangde Co V德h, Anhui, and Changxing Co Ldh, Zhejiang",30.9904799,119.9040119,Ai 19.1,,
,Ming,p,Yu,"NE of Pinglu Co 平h, Shanxi",34.8369158,111.201448,Xi 2.2,,
,Ming’e . .,冥i,Chu,"Narrow pass. Modern Pingjingguan 平靖P, Henan and Hubei border.",31.861764,113.932096,Ding 4.3.,,
,Minglu  . .,Q鹿,Chen,"W of Luyi Co 鹿邑h, Henan.",33.8600899,115.48443,Cheng 16.9.,,
,Mingyan,Q雁,Zheng,"N of Qi Co 杞h, Henan",34.7657099,113.75322,Cheng 16.4,,
,Mixu,密,Dom,"P, W of Lingtai Co `_h, Gansu",35.0654099,107.62126,Zhao 15.7; Ding 4.1,,
,Mizuo,作,Split between Zheng and Song,Unk,40.7011879,-99.1014292,Ai 12.6,,
,Mou,牟,Dom dependent upon Lu,"E of Laiwu County Rh, Shangdong",36.2546,117.75535,"Huan 15.8(C); Xi 5.3(C), 5.3.",,
,Moulou . .,牟,Ju,"Modern Louxiang 溧l, Zhucheng Co T城h, Shandong.",35.9958299,119.4098299,"Yin 4.1(C); Zhao 5.4(C), 5.6.",,
,Mound of Shaohao  .,少之.,Lu,In Qufu 曲阜.,35.4746899,117.24542,Ding 4.1,,
,Mound of Xia,夏,Jin,"Taiyuan City 太原市 or E of Yicheng Co 翼城h, Shanxi",35.7382299,111.71836,Ding 4.1.,,
,Mound of Yin .,殷 / 殷墟,,"Area in Qi Co 淇h, Henan.",35.609104,114.193231,Ding 4.1,,
,Mount Hua,A山,Jin,"Modern Hua Mountain A山, Shaanxi",34.477861,110.084789,Xi 15.4,,
,Mount Huabuzhu,A不注,Qi,"NE of Jinan City 南市, Shandong",36.6518399,117.12009,Cheng 2.3,,
,Mount Lai,R山,Chu,"S of Guangshan Co 光山h, Henan",32.0099699,114.91878,Zhao 5.8,,
,Mount Liang,梁山,Jin,"In Hancheng Co n城h, Shaanxi",35.47754,110.47562,"Cheng 5.4(C), 5.4",,
,Mount Miji,靡笄,Qi,"Modern Qianfo Mountain 千佛山, Jinan City 南市, Shandong",36.636653,117.036043,Cheng 2.3.,,
,Mount Sang . . .,桑山,Zheng,Unk,40.7011879,-99.1014292,Zhao 16.6,,
,Mount Shou,首山 (1),Jin,"Modern Leishou Mountain 雷首山, Yongji Co 永h, Shanxi",34.8671599,110.44773,Xuan 2.3,,
,Mount Shou,首山 (2).,,"S of Xiangcheng Co 襄城h, Henan.",33.8507199,113.50669,Ai 13.4.,,
,Mount Tu .,T山,,"SE of Huaiyuan Co 堰hh, Anhui.",33.01452,116.95442,Zhao 4.3; Ai 7.4.,,
,Mount Wu,巫山,Qi,"NW of Feicheng Co 肥城h, Shandong",36.13762,116.57356,Xiang 18.3,,
,Mount Yuchi .,~X,,"NW of Pingdingshan City 平山市, Henan.",33.7660899,113.19241,Xiang 18.4.,,
,Mount Zhiji  .,坻箕之山.,Chu,"Modern Chichu 踟蹰, S of Chao Co 巢h, Anhui.",31.8615699,117.28565,Zhao 5.8.,,
,Muling  . .,穆陵.,Qi,"N of Macheng Co 麻城h, Hubei",31.18199,114.94196,Xi 4.1.,,
,Mumen,木T,Jin,"NW of Hejian Co 河gh, Hebei",38.4454799,116.099,Xiang 27.3,,
,Muqiu . .,牡丘,Lu,"NE of Liaocheng Co 聊城h, Shandong.",36.4625,115.87156,"Xi 15.3(C), 15.1.",,
,Nachu,那,Chu,"SE of Jingmen Co 荆Th, Hubei",30.95195,112.26979,Zhuang 18.5,,
,Nan’gang  .,南.,Chu,"N of Huoshan Co 霍山h, Anhui.",31.40596,116.35411,Zhao 31.4.,,
,Nanhuai.,南.,Chu,"Between the Yangzi L江 and Huai Rivers 淮河, Anhui.",32.7952408,116.9827042,Zhao 5.8.,,
,Nanli  . . .,南里 (1),Song,Unk,40.7011879,-99.1014292,"Zhao 21.3(C), 21.4, 22.2(C).",,
,Nanli,南里 (2),Zheng,"S of Xinzheng Co 新h, Henan",34.39603,113.73097,Xuan 3.6; Xiang 2.11; Ai 27.5.,,
,Nanyang  .,南.,Jin,"Xinxiang Area 新l地^, Henan.",35.1907899,113.80516,"Xi 25.2; Wen 1.5; Zhao 1.15, 15.7",,
,Ni,\ (2),Qi,Unk,40.7011879,-99.1014292,Xiang 6.7,,
,Niebei,北,Qi,"Modern Boping Town 博平, Chiping Co 茌平h, Shandong",36.587969,116.117664,Xi 1.2(C),,
,Ning,甯,Jin,"NW of Huojia Co @嘉h, Henan",35.2596199,113.65716,Wen 5.5; Ding 1.1,,
,Ningfeng,L,Qi,Unk Near border of Qi and Lu.,40.7011879,-99.1014292,Zhao 5.1,,
,Ningmu,甯母,Lu,"In Yutai Co ~_h, Shandong",34.96956,116.55165,"Xi 7.4(C), 7.3",,
,Niushou,牛首,Zheng,"Slightly NE of Tongxu Co 通Sh, Henan",34.4804399,114.46741,Huan 14.4; Xiang 10.8.,,
,Nizhi . .,逆,Jin,"SE of Wan Co 完h, Hebei.",38.844552,115.132617,Ai 4.3,,
,"Old Jiang . , .",故{,Jin former cap,"SE of Yicheng Co 翼城h, Shanxi.",35.7382299,111.71836,Cheng 6.5.,,
,Pei,沛 (marsh),Qi,Unk,40.7011879,-99.1014292,Zhao 20.7,,
,Peng,彭 (river),Chu,"Modern Nanhe River 南河, originating SW of Fang Co 房h, Hubei",32.06158225,111.3649894,Huan 12.4,,
,Pengcheng,彭城,Song,"Modern Xuzhou City 徐州市, Jiangsu",34.2043999,117.28577,"Cheng 18.5(C), 18.5, 18.8, 18.12, 18.14; Xiang 1.2(C), 1.1, 26.10. See map 2",,
,Pengya,彭衙,Qin,"NE of Baishui Co 白水h, Shaanxi",35.1770999,109.59102,"Wen 2.1(C), 2.1, 2.6",,
,Pi,郫,Jin,"Near modern Shaoyuan Township 邵源, W of Jiyuan Co 源h, Henan",35.0745099,112.60383,Wen 6.5.,,
,Pi . .,脾,Jin,"N of Jun Co 浚h, Henan.",35.6761699,114.55078,Ding 14.6,,
,Pilu,被],Jin,Unk,40.7011879,-99.1014292,Xi 27.4; Zhao 29.5,,
,Ping,Z,"Ji, later taken by Qi","W of Anqiu Co 安丘h, Shandong",36.36104,119.16773,Zhuang 1.8(C),,
,Pingling,平陵,Jin,"NE of Wenshui Co 文水h, Shanxi",37.4384299,112.0285,Zhao 28.3,,
,Pingqiu,平丘,Wei,"E of Fengqiu Co 封丘h, Henan",35.0411899,114.41861,"Xiang 31.1; Zhao 13.4(C), 13.5(C), 13.3, 14.7, 15.6, 19.8",,
,Pingshou,平,Wei,Unk,40.7011879,-99.1014292,Zhao 20.4,,
,Pingyang,平 (1),"Lu, East Pingyang |平","NW of Xintai Co 新泰h, Shandong",35.77757,117.80172,"Xuan 8.9(C), 8.6.",,
,"Pingyang . ,",平 (2),Lu,"West Pingyang 西平. Modern area governed by Zou Co uh, Shandong.",35.2910599,117.13367,Ai 27.1.,,
,Pingyang . .,平 (3),Jin,"Modern Linfen City R汾市, Shanxi.",36.0882199,111.51962,Zhao 28.3,,
,Pingyang  . . .,平 (4),Wei,"SE of Hua Co 滑h, Henan",35.5753399,114.5193,Ai 16.4.,,
,Pingyin,平 (1),Qi,"NE of Pingyin Co 平h, Shandong",36.27467,116.48559,"Xiang 18.3, 21.8, 23.4, 25.2; Zhao 25.6",,
,Pingyin,平 (2),Zhou,"N of Mengjin Co 孟津h, Henan",34.8257301,112.4453496,See also Yin . Zhao 23.1.,,
,Pingzhi . .,平,Zhou,"Near Luoyang City 洛市, Henan.",34.6181299,112.45402,Xiang 30.6; Zhao 22.5,,
,Pingzhong,平中,Jin,"Near Tang Co 唐h, Hebei",38.7478999,114.98295,Ding 3.2,,
,Pingzhou,平州,"Qi, border of Qi and Lu","W of Laiwu Co Rh, Shandong",36.2546,117.75535,"Xuan 1.6(C), 1.5.",,
,Pingzhuang  . .,平f (name of a mound or hill).,Wei,Unk,40.7011879,-99.1014292,Ai 26.1,,
,Pixie,脾,Chu,"Near Jiangling Co 江陵h, Hubei",30.04166,112.42398,Ding 5.7,,
,Pu,蒲 (1),Wei,"E of Changyuan Co L垣h, Henan",35.0744299,114.7629,"Huan 3.2(C), 3.3; Cheng 9.2(C), 9.2; Zhao 11.10; Ai 25.1",,
,Pu,蒲 (2),Jin,"NW of Xi Co 隰h, Shanxi",36.6934399,110.94049,"Zhuang 28.2; Xi 4.6, 5.2, 23.6, 24.1",,
,Pu,濮 (1),Chen,"SE of Bo Co 亳h, Anhui",31.8615699,117.28565,"Yin 4.6(C), 4.5",,
,Pu,濮 (2),Wei,"In Hua Co 滑h and Yanjin Co 延津h, Henan",35.1419399,114.20515,Ai 25.1,,
,Pu,濮 (river),Chu,"Flows within Heze Co 菏煽h, Shandong",35.15129,115.50733,Zhao 9.2; Ai 27.3,,
,Puche,圃,Zhou,"In Gong Co h, Henan",34.7479799,113.02206,Zhao 22.5,,
,Pugu .,蒲故,,"SE of Boxing Co 博dh, Shandong.",37.1529899,118.11096,Zhao 9.3.,,
,Puhou residence,蒲侯氏,Ju,"Near Ju Co 莒h, Shandong",35.5799699,118.83687,Xiang 23.7,,
,Pusao,蒲},Dom,"NW of Yingshan Co 山h, Hubei",30.7351799,115.68143,Huan 11.2,,
,Pusui .,蒲隧,,"SW of Suining Co 睢h, Jiangsu.",34.06379,117.6434,Zhao 16.2.,,
,Putian,圃田,"Zheng, P Yuanpu 原圃",Unk,40.7011879,-99.1014292,Ding 4.1,,
,Qǐ .,杞,"Dom, CN Si 姒.","SE of Changle Co L房h, Shandong.",36.7070199,118.82984,Yin 4.1(C) et passim. See map 2.,,
,Qi,祁,Jin,"SE of Qixian 祁h, Shanxi",37.369018,112.381197,Zhao 28.3,,
,Qī . .,戚,Wei,"N of Puyang Co 濮h, Henan.",35.5764999,115.26089,"Wen 1.9(C), 1.5, 1.6, 8.1; Cheng 7.6, 14.5, 15.3(C), 15.1, 17.4; Xiang 1.2, 2.6(C), 2.9(C), 2.7, 5.7(C), 5.8, 14.7(C), 14.4, 14.9, 26.2(C), 26.2, 26.3, 26.7, 29.13; Zhao 7.11, 11.6, 11.10; Ai 2.4(C), 2.2, 2.3, 3.1(C), 3.1, 15.5, 16.1(C). See map 3.",,
,Qi,R,"Dom, CN Jiang 姜","Cap Linzi R淄 near modern-day Linzi City R淄市, Shandong",36.85287,118.302,Yin 3.6 et passim. See map 1.,,
,"Qi . , .",漆,Zhu later Lu.,Unk,40.7011879,-99.1014292,"Xiang 21.2(C), 21.2; Ding 15.14(C), 15.9",,
,Qian,,Qi,"N of Jun Co 浚h, Henan",35.6761699,114.55078,Ding 14.6(C),,
,Qian, (1),Dom,"S of Huoshan Co 霍山h, Anhui",31.40596,116.35411,"Zhao 27.2, 31.4",,
,Qian, (2),Lu,"Modern Jining City 市, Shandong",35.4145899,116.58724,"Yin 2.1(C), 2.1",,
,Qian,P,Wei,"Near Puyang Co 濮h, Henan",35.5764999,115.26089,Cheng 6.4,,
,Qiancheng,前城,Zhou,"SE of Luoyang City 洛市, Henan",34.6181299,112.45402,Zhao 22.5,,
,Qiangren,人,Zhou,"NE of Xin’an Co 新安h, Henan",34.7281799,112.13242,Zhao 23.3,,
,Qianmu,千,Jin,"N of Anze Co 安煽h, Shanxi",36.1478099,112.25013,Huan 2.8,,
,Qin,秦 (1),"Dom, CN Ying 嬴","Capital at Yong 雍, S of Fengxiang Co P翔h, Shaanxi",34.5211399,107.40076,Huan 4.3 et passim. See map 1.,,
,Qin . .,秦 (2),Lu,"S of former Fan Co 范h, Shandong.",36.6682599,117.02076,Zhuang 31.5(C),,
,"Qing. ,",清 (1),Jin,same place as Qingyuan 清原.,35.60154935,110.9850023,"Xuan 13.3, 13.4.",,
,Qing,清 (2),Wei,"S of Dong’e Co |阿h, Shandong",36.3350299,116.24773,"Yin 4.3(C), 4.2",,
,Qingfa,清l (river),Chu,"Modern Yun River 菟, Anlu Co 安h, Hubei",31.2555399,113.68913,Ding 4.3.,,
,Qingqiu . .,清丘,Wei,"SE of Puyang Co 濮h, Henan.",35.5764999,115.26089,"Xuan 12.6(C), 12.7, 13.2, 13.5; Zhao 11.4",,
,Qingqiu,丘,Split between Zheng and Song,Unk,40.7011879,-99.1014292,Ai 12.6,,
,Qingyuan,清原,Jin,"SE of Jishan Co 稷山h, Shanxi",35.6040099,110.98311,Xi 31.4; Cheng 18.1,,
,Qiong,F,Chu,"SW of Huoqiu Co 霍丘h, Anhui",32.33721,116.27533,Zhao 27.2,,
,Qionggu,F谷,Zhou,"E of Luoyang City 洛市, Henan",34.6181299,112.45402,Ding 7.3,,
,Qiongsang .,F桑,,"Qufu Co 曲阜h, Shandong.",35.53986,117.04719,Zhao 29.4.,,
,Qiqiu,V丘,Qi,Unk,40.7011879,-99.1014292,Wen 16.2,,
,Qiu,湫,Chu,"N of Zhongxiang Co R祥h, Hubei",31.1679699,112.58817,Zhuang 19.1,,
,Qiu Palace,丘m,Wei,"In cap SW of Puyang Co 濮h, Henan.",35.5764999,115.26089,Xiang 14.4,,
,Qiuhuang,丘皇,Chu,"In Xinyang Co 信h, Henan",32.1471399,114.09279,Zhao 25.11,,
,Qiuyou,丘~,Lu,Unk,40.7011879,-99.1014292,Zhao 4.8,,
,Qiuyu,丘 (1),Lu,"In Fei Co Mh, Shandong",35.278287,117.979969,Ai 14.4,,
,Qiuyu,丘 (2),Qi,"In Yidu Co 益都h, Shandong",36.69808,118.47971,Cheng 2.3,,
,Qiuyu,丘 (3),"Zheng, eastern area",Unk,40.7011879,-99.1014292,Cheng 3.1,,
,Qiyang,岐 / Qi 岐,Qin,"In Qishan Co 岐山h, Shaanxi",34.4434599,107.62101,"Zhao 4.3, 9.3",,
,Qu,渠,Zhou,"In Luoyang City 洛市, Henan",34.6181299,112.45402,Zhao 26.7,,
,Quan,卷,Chu,"SW of Ye Co ~h, Henan",33.6268299,113.35737,Zhao 25.11,,
,Quan,,"Dom, wiped out by Chu","SE of Dangyang Co h, Hubei",30.8211799,111.78833,Zhuang 18.5.,,
,Quanqiu .,泉丘,Lu.,"Between Ningyang Co h and Sishui Co 泗水h, Shandong.",35.7605999,116.80112,Zhao 11.4.,,
,Quanqiu . .,犬丘 (1),Wei,"NW of Yongcheng Co 永城h, Henan.",33.9291499,116.44946,Xiang 1.3,,
,Quanqiu,犬丘 (2),Song,"N of Cao Co 曹h, Shandong",36.6682599,117.02076,Yin 8.1; Xiang 10.5,,
,Quchi,曲池,Lu,"NE of Ningyang Co h, Shandong",35.7605999,116.80112,"Huan 12.2(C), 12.1",,
,Quchu,渠Z,Probably the same place as Quru 蘧,Unk,40.7011879,-99.1014292,Ding 15.7(C),,
,Que Pass,I塞,Zhou,"Modern Longmen T, S of Luoyang City 洛市, Henan",34.57949,112.4758,Zhao 26.7.,,
,Que’an . .,o岸,Chu,"Modern area spans from N of Tongling City ~陵市 to N bank of Yangzi River L江, S of Wuwei Co oh, Anhui.",31.3187699,117.88726,Zhao 5.8.,,
,Quewai . .,I外,Zhou,"N of Yichuan Co 伊川h, Henan.",34.40629,112.44778,Ding 6.5,,
,Quji,曲棘,Song,"SE of Lankao Co m考h, Henan",34.814433,114.819486,"Zhao 25.7(C), 25.8, 26.4",,
,Quliang,曲梁 (1),"Lu 潞, later taken by Jin","N of Lucheng Co 潞城h, Shanxi",36.3335642,113.2922553,Xuan 15.3.,,
,Quliang .,曲梁 (2),,"NE of Handan City 邯市, Hebei.",36.6255599,114.53918,Xiang 3.7,,
,Qupu,曲濮,Wei,Unk,40.7011879,-99.1014292,Ding 8.14(C),,
,"Quqiu . ,",渠丘 (1),Qi,"Kuiqiu 葵丘. W of Linzi District R淄^, Zibo City 淄博市, Shandong.",36.7993999,118.38912,Zhao 11.10.,,
,Quqiu,渠丘 (2),Ju,"SE of Ju Co 莒h, Shandong",35.5799699,118.83687,Cheng 9.10,,
,Quru,蘧,Probably the same place as Quchu 渠Z,Unk,40.7011879,-99.1014292,Ding 15.5,,
,"Quwo . ,",曲沃 (1),Jin,"cap. E of Wenxi Co 喜h, Shanxi.",35.406317,111.341279,"See also Xincheng 新城 (1). Yin 5.5; Huan 2.8, 9.3; Zhuang 28.2; Min 1.6; Xi 4.6, 24.1, 32.3; Xiang 16.1, 23.7(C). See map 3.",,
,Quwo . .,曲沃 (2),Jin,"Modern Quwo Town 曲沃, S of Xia Co h, Henan.",34.7205399,111.10338,"Xiang 23.3, 23.6.",,
,Raojiao,@角,Cai,"SE of Lushan Co 山h, Henan",33.7385399,112.90802,Cheng 6.11; Xiang 26.10,,
,Ren,仞,Wei,"P, on boundary of old Jun Co 均h, near Danjiangkou 丹江口, Hubei",32.60447,111.51543,Wen 16.4.,,
,Ren . .,任 (1),Jin,"SE of Ren Co任h, Hebei.",37.1209199,114.67132,Ai 4.3,,
,Ren,任 (2),"Dom, CN Feng L","Modern Jining City 市, Shandong",35.4145899,116.58724,Xi 21.4,,
,Renren,任人,Zhou,"Near Luoyang City 洛市, Henan",34.6181299,112.45402,Zhao 22.5,,
,Rongcheng,容城,Xu,"SE of Lushan Co 山h, Henan",33.7385399,112.90802,Ding 4.7(C),,
,Ru,汝I,Jin,Banks and valley of Ru River 汝河,32.700476,115.082804,"Cheng 17.7; Zhao 7.2, 29.5; Ai 1.1, 17.4.",,
,Rui . . .,芮,"Dom, CN Ji 姬","S of former Chaoyi Co 朝邑h, Shanxi.",37.8734299,112.56272,"Huan 3.8, 10.3; Zhao 9.3",,
,Ruli . .,女栗,,Unk,40.7011879,-99.1014292,"Wen 10.5(C), 10.4",,
,Ruo,e (1),Wei,"SE of Yicheng Co 宜城h, Hubei",31.70838,112.26705,Ding 6.4,,
,Ruo . .,e (2),Chu,"SW of Xichuan Co 淅川h, Henan. Sometimes called “Lower Ruo” 下e and probably a continuation of the same river listed above.",32.737039,111.758363,"Xi 25.3; Wen 5.5(C), 5.2; Ai 17.4. See map 4.",,
,Ruqing . .,汝清,Chu,"Between Yangzi L江 and Huai Rivers 淮河, Anhui.",32.7952408,116.9827042,Zhao 5.8.,,
,Ruyin . .,汝,Chu,"Between Jia Co Ph and Ye Co ~h, Henan.",33.9717999,113.21262,Cheng 16.1.,,
,Sai Pass,塞P,Lu,Unk,40.7011879,-99.1014292,Zhao 5.1,,
,Sangquan,桑泉,Jin,"NE of Linjin Town Rx, Linyi Co R猗h, Shanxi",35.095681,110.554522,Xi 24.1.,,
,Sangsui  .,桑隧.,Cai,"E of Queshan Co _山h, Henan.",32.762655,114.02833,Cheng 6.11; Xiang 26.10,,
,Sangtian,桑田,Jin,"Modern Chousangyi 稠桑A, Lingbao Co `h, Henan",34.624865,110.866815,Xi 2.5; Cheng 10.4.,,
,Santu  (mountain).,三T,,"Modern Santu Mountain 三T山, N bank of Yi River 伊河, SW of Gao Co 嵩h, Henan.",34.44675365,112.4887091,Zhao 4.1,,
,Sha,沙,Same place as Suo  (2),"Jin E of Daming Co 大名h, Hebei",36.2846489,115.1576326,,,
,Shalu  (mountain). .,沙鹿,Jin,"E of Daming Co 大名h, Hebei.",36.2846489,115.1576326,"Xi 14.3(C), 14.3.",,
,Shan,,Zhou,"SW of Meng Co 孟h, Henan",34.9073499,112.79134,Zhuang 1.3(C) et passim,,
,Shandao,善道,Wu,"N of Xuyi Co 盱眙h, Anhui",31.8615699,117.28565,"Xiang 5.4(C), 5.5",,
,Shang,商,Dom,Unk,40.7011879,-99.1014292,Huan 2.2,,
,Shangji,上棘,Zheng,"S of Yu Co 禹h, Henan",34.7657099,113.75322,Xiang 18.4,,
,Shangliang,上梁,Jin,"N of Jun Co 浚h, Henan",35.6761699,114.55078,Ding 14.6,,
,Shangluo,上雒,Jin,"Shang Co 商h, Shaanxi",33.8627299,109.94107,Ai 4.2,,
,Shangming,上p,Que,"In Yanggu Co Yh, Shandong",36.1144699,115.7913099,Cheng 2.3,,
,Shangmi,商密,Chu,"SW of Xichuan Co 淅川h, Henan",33.0333333,111.55,Xi 25.3; Wen 14.10,,
,Shangqiu,商丘,Song,"Cap Modern Shangqiu City 商丘市, Henan.",34.4142699,115.65635,Xiang 9.1; Zhao 1.12. See map 2.,,
,Shangren. .,商任,Que,"In Anyang Co 安h, Henan.",36.1598999,114.41365,"Xiang 21.8(C), 21.7, 22.3",,
,Shangyan .  .,商奄,,"Ancient dom near Qufu Co 曲阜h, Shandong",35.53986,117.04719,Ding 4.1.,,
,Shangyang,上,Nanguo,"S of Xia Co h, Henan",34.7205399,111.10338,Xi 5.8,,
,Shao River,少水,Jin,Modern Qin River 沁水,35.6901499,112.1866,Xiang 23.4,,
,Shaodi,少E,Wei,Unk,40.7011879,-99.1014292,Ai 11.6,,
,Shaoliang,少梁,Qin,"S of Hancheng Co n城h, Shaanxi",35.47754,110.47562,Wen 10.1,,
,Shaoling .,召陵,,"P, E of Yancheng Co 郾城h, Henan.",33.5870499,114.00664,"Xi 4.3(C), 4.1, 5.5; Zhao 4.3, 14.3; Ding 4.2(C), 4.1, 4.2, 4.3. See map 4.",,
,Shaoxi,少 (mountain),Chu,"E of Shang Co 商h, Shaanxi",33.8627299,109.94107,Ai 4.2,,
,Sharui,沙I,Chu,"NE of Huaiyuan Co 堰hh, Anhui",33.0039899,117.25089,Zhao 27.2,,
,Shasui,沙S,Song,"N of Ningling Co 陵h, Henan",34.573815,115.318084,"Cheng 16.8(C), 16.6; Xiang 9.7, 22.5.",,
,She . .,社,Zhou,"NE of Gong Co h, Henan.",34.7479799,113.02206,Zhao 22.5,,
,She,~,Chu,"S of Ye Co ~h, Henan",33.6268299,113.35737,"Xuan 3.6; Cheng 15.13(C), 15.7; Zhao 18.7; Ai 16.5.  1.4; Zhuang 6.3, 18.5; Xi 7.2, 25.3, 28.3, 28.4; Wen 16.4; Cheng 6.11, 7.5, 15.3, 16.5; Xiang 26.10; Zhao 4.2(C), 4.3, 11.3(C), 11.2, 13.2, 13.5; Ai 17.4. See map 4",,
,Shen,申 (2),Zheng,"E of Gong Co h, Henan",34.7479799,113.02206,Wen 8.1,,
,Shěn .,沈 (1),,"Dom. SW of Fuyang City 阜市, Anhui.",32.8896299,115.81495,Wen 3.1(C); Cheng 8.2; Xiang 26.10.,,
,Shen,莘 (1),Cai,"In Runan Co 汝南h, Henan",33.00685,114.3553,"Zhuang 10.5(C), 10.3, 14.3",,
,"Shen . ,",莘 (2),Wei,"Chengpu 城濮. Former Linpucheng R濮城, Fan Co 范h, Shandong",36.6682599,117.02076,Xi 28.3.,,
,Shen,莘 (3),Guo,Unk,40.7011879,-99.1014292,Zhuang 32.3,,
,Shen,莘 (4),Qi/Wei,"N of Shen Co 莘h, Shandong",36.2336099,115.67072,Huan 16.5; Cheng 2.3,,
,Shen Pond,申池,Qi,Unk,40.7011879,-99.1014292,Wen 18.2; Xiang 18.3,,
,Shenchui,垂,Zhou,"S of Luoyang City 洛市, Henan",34.6181299,112.45402,Wen 17.5,,
,Sheng,笙,Lu,Unk,40.7011879,-99.1014292,"Xuan 18.8(C), 18.5",,
,Shengdou,生],Lu,"N of Heze Co 菏煽h, Shandong",35.15129,115.50733,Zhuang 9.5,,
,Shengxing,升,Lu,Unk,40.7011879,-99.1014292,"Xi 22.3(C), 22.7, 33.5",,
,Shenlu,沈鹿,Chu,"E of Zhongxiang Co R祥h, Hubei",31.1679699,112.58817,Huan 8.2,,
,Shi . ., (1),Qi,"W of Pingyin Co 平h, Shandong.",36.27467,116.48559,Xiang 18.3.,,
,Shi, (2),"Dom, CN Ren 妊","S of Jining City 市, Shandong",35.4145899,116.58724,"Xiang 13.2(C), 13.2",,
,Shigu,施谷,Zhou,"E of Luoyang City 洛市, Henan",34.6181299,112.45402,Zhao 26.5,,
,Shilai,r,Zheng,"N of Zhengzhou City 州市, Henan",34.7472499,113.62493,Yin 11.2(C),,
,Shili,mv,Jin,Unk,40.7011879,-99.1014292,"Zhao 31.2(C), 31.2",,
,Shiliu,石,Qi,"SE of Changqing Co L清h, Shandong",36.5566699,116.74272,Cheng 2.3,,
,Shimen,石T,Qi,"SW of Changqing Co L清h, Shandong",36.5566699,116.74272,"Yin 3.6(C), 3.6",,
,Shishi,尸氏 / Shi 尸,Zhou,"W of Yanshi Co 偃h, Henan",34.7264684,112.76553,"Zhao 26.5, 26.9",,
,Shixi,石溪,Wei,"Jun Co 均h, Hubei",30.5453899,114.34234,Wen 16.4,,
,Shouduo,受I,Jin,"Near Xiangling 襄陵, Shanxi",37.8734299,112.56272,Xi 16.3,,
,Shoushu,凼,Ju,"In Ju Co 莒h, Shandong",35.5799699,118.83687,Xiang 23.7,,
,Shouyu,垧N,Ju,"In Anqiu Co 安丘h, Shandong",36.36104,119.16773,Zhao 22.1,,
,Shouzhi,首止,Wei,"SE of Sui Co 睢h, Henan",34.429664,115.080638,"Huan 18.2; Xi 5.4, 6.2; Cheng 15.3, 17.5",,
,Shu,舒,Dom,"CN Yan 偃 Ancestral dom of the three Shu doms listed below: Shujiu, Shuliao, and Shuyong. SW of Lujiang Co ]江h, Anhui.",31.3247199,117.09296,"Xi 3.3(C). Shu 蜀. Lu. W of Tai’an Co 泰安h, Shandong. Xuan 18.4; Cheng 2.9(C), 2.10(C), 2.8; Zhao 7.3",,
,Shu,,Lu,"Near Ningyang Co h, Shandong",35.7605999,116.80112,Ai 15.1,,
,Shujiu,舒F,Dom,"Shucheng Co 舒城h, Anhui",31.4834699,116.95845,"Xiang 24.9, 25.8(C), 25.8, 25.13; Ding 2.2",,
,Shuliao,舒蓼,Dom,"Between Shucheng Co 舒城h and Lujiang Co ]江h, Anhui",31.3247199,117.09296,"Wen 14.1; Xuan 8.6(C), 8.3.",,
,Shumaochun  . .,殳冒淳.,Qi,Unk,40.7011879,-99.1014292,Ai 6.6,,
,Shuqiu,黍丘,Cao,Unk,40.7011879,-99.1014292,Ai 7.5,,
,Shuyong,舒庸,Dom,"Shucheng Co 舒城h, Anhui",31.4834699,116.95845,"Cheng 17.14(C), 17.11",,
,Shuzhou,舒州,Qi,"In Dacheng Co 大城h, Hebei",38.7937099,116.6795,"Ai 14.3(C), 14.3, 14.11(C), 14.5",,
,Song,宋,"Dom, CN Zi 子","Cap at Shangqiu 商丘 near modern Shangqiu City 商丘市, Henan",34.4142699,115.65635,Yin preface et passim. See map 1,,
,Springs of Hua,A泉,Qi,Spring on Mount Hua A山,34.477861,110.084789,Unk. Cheng 2.3,,
,Su,宿,Dom,"Slightly SE of Dongping Co |平h, Shandong",35.92246,116.43753,Yin 1.5(C); Xi 21.4,,
,Su,K,"Ancient dom, Wen ","SW of Wen Co 乜h, Henan",34.9402299,113.08057,Xuan 3.6,,
,Su River,涑川,Jin,"NE of Yongji Co 永h, Shanxi",34.8671599,110.44773,Cheng 13.3,,
,Suanzao,酸,Zheng,"SW of Yangjin Co 延津h, Henan",35.1419399,114.20515,Xiang 30.10,,
,Sui,睢 (river),Song,Unk,40.7011879,-99.1014292,Cheng 15.4; Zhao 21.6; Ding 4.3,,
,Sui,遂,Dom,"NW of Ningyang Co h, Shandong",35.7605999,116.80112,"Zhuang 13.2(C), 13.1, 17.2(C), 17.2",,
,Sui,S (1),"Dom, CN Ji 姬","S of Sui Co Sh, Hubei",31.8537999,113.29995,Huan 6.2,,
,Sui,S (2),Jin,"SE of Jiexiu Co 介休h, Shanxi",37.017694,111.919292,"Yin 5.2, 6.2",,
,Suo, (1),Chu,"E of Huoqiu Co 霍丘h, Anhui",32.33721,116.27533,Zhao 5.8,,
,Suo, (2),Same place as Sha 沙 Jin,"E of Daming Co 大名h, Hebei.",36.2846489,115.1576326,Ding 7.4,,
,Suo. ., (3),Zheng,"N of Xinzheng Co 新h, Henan.",34.39603,113.73097,Xiang 11.3.,,
,Suo Marsh,,Jin,"In Daming Co 大名h, Hebei",36.2846489,115.1576326,"Cheng 12.2(C), 12.2",,
,Suqi  .,速杞.,Sui,"W of Yingshan Co 山h, Hubei.",30.7351799,115.68143,Huan 8.2.,,
,Ta,沓,Wei,Unk,40.7011879,-99.1014292,"Wen 13.6(C), 13.5",,
,Tai,台,Lu,"SE of Fei Co Mh, Shandong",35.278287,117.979969,"Xiang 12.1(C), 12.2(C), 12.1",,
,Taigu,台谷,Jin,"P, in Jincheng Co x城h, Shanxi",35.4903899,112.85113,Cheng 18.12,,
,Taihang Pass,大行,Jin,NW of Qinyang Co 沁h,35.0875999,112.9506,Xiang 23.4; Ding 8.3,,
,Taishang (Same place as Hutai 狐~),~上,Zhu,"SE of Teng Co 滕h, Shandong.",35.084021,117.164388,Ai 27.1,,
,Taishi  (mountain).,大室,,"Same as modern Mount Song 嵩, N of Dengfeng 登封, Henan.",34.519664,113.004052,Zhao 4.1.,,
,Tan,郯,Wei,"SW of Tanxiancheng 郯h城, Shandong",36.6682599,117.02076,"Xuan 4.1(C), 4.1",,
,Tan,T,"Dom, later Qi","SE of Jinan City 南市, Shandong",36.6518399,117.12009,"Zhuang 10.6(C), 10.4",,
,Tang,唐 (1),Lu,"NE of former Yutai Co ~_h, Shandong",35.0116099,116.65046,"Yin 2.4(C), 2.4; Huan 2.8(C), 2.9(C), 2.7.",,
,Tang . .,唐 (2),Zhou,"E of Luoyang City 洛市, Henan.",34.6181299,112.45402,Zhao 23.3,,
,Tang,唐 (3),Dom,"Modern Tangxian Town 唐h, Zaoyang Co h, Hubei",31.982618,113.124615,"Ding 5.5, Ai 17.4.",,
,Tang .,唐 (4),,"Ancient dom. Said to be at modern Taiyuan City 太原市 or S of Yicheng Co 翼城h, Shanxi.",35.7382299,111.71836,Zhao 1.12.,,
,Tang . . .,唐 (5),Yan,Unk,40.7011879,-99.1014292,Zhao 12.1,,
,Tang,棠 (1),Lu,"Yucheng Town ~城, N of former Yutai Co ~_h, Shandong",34.932788,116.469692,"Yin 5.1(C), 5.1.",,
,"Tang . ,",棠 (2),Qi,"also named Chuitang ]棠. SE of Pingdu Co 平度h, Shandong.",36.8073,119.89291,Xiang 6.7.,,
,Tang . . .,棠 (3),Chu,"W of Suiping Co 遂平h, Henan",33.1450469,114.0015478,Zhao 20.2,,
,Tang,棠 (4),Wei,"Slight NW of Liuhe Co 六合h, Jiangsu",32.3222199,118.82155,Xiang 14.7,,
,Tao,洮 (1),Lu,"Former Taoxu 桃墟, Sishui Co 泗水h, Shandong",35.55034,117.24158,"Zhuang 27.1(C), 27.1; Xi 25.7(C), 25.5, 26.1, 26.3; Xiang 17.4(C)",,
,Tao,洮 (2),Cao,"NW of Juancheng Co 鄄城h, Shandong",35.54971,115.59926,"Xi 8.1(C), 8.1, 31.1; Ding 14.8(C), 14.7.",,
,Tao . .,洮 (river) (3),Jin,"SE of Wenxi Co 喜h, Shanxi.",35.406317,111.341279,Zhao 1.12,,
,Tao,桃 (4),Lu,"N and slightly E of Wenshang Co 汶上h, Shandong",35.728057,116.491267,"Xiang 17.4(C), 17.3; Zhao 7.5",,
,Taolin,桃林,Jin,"Modern Wenxiang l with a western boundary at the ?border of Tongguan 潼P, Lingbao Co `h, Henan",34.52403,110.88813,Wen 13.1,,
,Taoqiu,桃丘,Wei,"E of Anping Township 安平, Dong’e Co |阿h, Shandong",38.232863,115.530512,Huan 10.3(C).,,
,Teng . . .,滕 (1),,Dom Unk,40.7011879,-99.1014292,Yin 7.2(C).,,
,Teng,滕 (2),Wei,Unk,40.7011879,-99.1014292,Min 2.5,,
,Tiao,l,Jin,"N of Anyi Town 安邑, Shanxi",35.06503,111.0391,Huan 2.8,,
,Tiaoqiu,苕丘,Jin,Unk,40.7011879,-99.1014292,Cheng 16.11,,
,Tie,F,Wei,"NW of Puyang Co 濮h, Henan",35.5764999,115.26089,"Ai 2.5(C), 2.3",,
,Tishang,上,Zhou,Unk,40.7011879,-99.1014292,Zhao 26.9,,
,Tong,桐,Wei,"N of Tongcheng Co 桐城h, Anhui",31.0410399,116.9387999,Ding 2.2,,
,Tong River,桐I,Wu,"NW of Guangde Co V德h, Anhui",30.7798899,119.39173,Ai 15.2,,
,Tongqiu,桐丘,Zheng,"W of Fugou Co 扶峡h, Henan",34.03517,114.59745,Zhuang 28.3; Ai 27.3,,
,Tongru,桐汝,"Lu, village of Tongru 桐汝 and Qufu 曲阜",Unk,40.7011879,-99.1014292,Zhao 15.10,,
,Tongti,~L,Jin,"S of Qin Co 沁h, Shanxi",36.70127,112.64575,Cheng 9.7; Zhao 28.3,,
,Tuhe,菟和,Jin,"Modern Tuhe Mountain 菟和山, E of Shang Co 商h, Shaanxi",33.8627299,109.94107,Ai 4.2.,,
,"Tui . , . .",P,Zhou later taken by Zheng,"N of Huojia Co @嘉h, Henan",35.2596199,113.65716,Yin 11.5,,
,Tuogao  .,橐皋.,Wu,"Modern Zhegao Town 柘皋, NW of Chao Co 巢h, ?Anhui.",31.77673,117.74888,"Ai 12.3(C), 12.3",,
,Tupu,菟圃,Wei,"In Changyuan Co L垣h, Henan",35.0744299,114.7629,"Xi 18.4, 19.4",,
,Tuqiu,菟裘,Lu,"SE of Tai’an Co 泰安h, Shandong",36.1999399,117.0884,Yin 11.8,,
,Tushui,T水,Jin,"SW of Yuci City 榆次市, Shanxi",37.6997799,112.70746,Zhao 28.3,,
,"Two Qu . ,",二屈,Jin,"northern and southern Qu. Northern Qu was located NE of Ji Co 吉h, Shanxi. Southern Qu was adjacent.",36.0979152,110.6817158,Zhuang 28.2.,,
,Wa,瓦,Wei,"S of Wen Co 乜h, Henan",34.9402299,113.08057,"Ding 8.6, 8.7(C), 8.8",,
,Waili,外里,Wei,"In Hua Co 滑h, Henan",35.5753399,114.5193,Ai 25.1,,
,Waizhou,外州,Wei,Unk,40.7011879,-99.1014292,"Ai 11.6, 26.1",,
,Wang,汪,Qin,"Near Pengya 彭衙, in Baishui Co 白水h, Shaanxi",35.183615,109.592708,Wen 2.6,,
,Wangcheng,王城 (1),Qin,"E of Dali Co 大荔h, Shaanxi",34.7956039,109.9420041,"Xi 15.8, 24.1; Cheng 11.9",,
,Wangcheng,王城 (2),"Zhou, cap of E Zhou |周","NE of Luoyang City 洛市, Henan",34.6181299,112.45402,"Zhuang 21.1; Xi 11.3, 25.2; Zhao 22.8(C), 22.5, 23.3, 26.5; Ding 7.6. See map 3.",,
,Wangguan . .,王官,Jin,"W of Wenxi Co 喜h, Shanxi.",35.406317,111.341279,"Wen 3.4, 4.5; Cheng 13.3",,
,Wangu,萑谷,Zhou,"Near Luoyang City 洛市, Henan",34.6181299,112.45402,Zhao 26.7,,
,Wawu,瓦屋,Zhou,"NW of Wen Co 乜h, Henan",34.9402299,113.08057,"Yin 8.5(C), 8.5",,
,Wei,J,Chu,Unk,40.7011879,-99.1014292,Xi 27.4,,
,Wei,l,"Dom, CN Ji 姬","Cap at Diqiu 帝丘, SW of Puyang Co 濮h, Henan",35.75746,115.04611,Yin 1.10 et passim. See map 1.,,
,Wei . .,,Zheng,"In Lushan Co 山h, Henan.",33.7385399,112.90802,"Xiang 7.9(C), 7.8",,
,Weì . .,魏,"Zhou, later Jin","W of Ruicheng Co 芮城h, Shanxi.",34.6936499,110.69442,"Xuan 3.8, 4.4; Min 1.6; Wen 13.2; Xiang 29.11; Zhao 9.3.",,
,Wei River . .,洧上,Zheng,"Xinzheng Co 新h, Henan.",34.39603,113.73097,Xiang 1.2.,,
,Wei River,曲洧,Zheng,"Former Weichuan Co 洧川h, Henan",34.7657099,113.75322,Cheng 17.2,,
,Wei River,渭I,Xiguo,"Area where Wei River enters Yellow River, NE of Huayin Co Ah, Shaanxi",34.5660199,110.09207,Min 2.1.,,
,Weishi  .,e.,Chu,"W of Jingshan Co 京山h, Hubei, E shore of Han River.",31.0184799,113.11953,Zhao 23.7.,,
,Weiyu  .,魏榆.,Jin,"NW of Yuci Co 榆次h, Shanxi.",37.6997799,112.70746,Zhao 8.1,,
,Wen,,"Zhou, later Jin","S of Wen Co 乜h, Henan",34.9402299,113.08057,"Yin 3.3, 8.5, 11.5; Zhuang 19.2; Xi 10.2(C), 10.1, 24.2, 25.2, 28.15(C), 28.7; Wen 1.5, 5.5, 6.1; Xuan 17.1; Cheng 11.7; Xiang 16.1; Zhao 1.15, 3.4, 22.5; Ding 8.7. See map 3.",,
,Wu .,,,"Dom, CN Ji 姬. Cap located in area of modern-day Suzhou K州, Jiangsu.",31.2983399,120.58319,Xuan 8.3 et passim. See map 4.,,
,"Wu . , .",N (1),Ji later taken by Qi,"SW of Anqiu Co 安丘h, Shandong.",36.36104,119.16773,Zhuang 1.8(C),,
,"Wen River, lands on the northern bank of the Wen River . . .",汶,Lu,Unk,40.7011879,-99.1014292,"Xi 1.8, Cheng 2.7(C), 2.3, 3.2, 3.5, 8.1(C), 8.1, 9.2; Ding 10.2; Ai 24.1.",,
,Wu,N (2),Lu,"SE of Sishui Co 泗水h, Shandong",35.55034,117.24158,Wen 7.3(C),,
,Wu,w (1),Jin,"NE of Jiexiu Co 界休f, Shanxi",37.0270999,111.91672,Zhao 28.3,,
,Wu,w (2),"Zheng, taken by Zhou",Unk,40.7011879,-99.1014292,Yin 11.5; Zhuang 20.1; Zhao 24.1,,
,Wucheng,武城 (1),Lu,"Near Qi area Jiaxiang Co 嘉祥h, Shandong.",35.4493,116.35502,"Xiang 19.15(C), 19.12",,
,Wucheng,武城 (2),Chu,"NE of Nanyang City 南市, Henan",32.68649,112.60989,Xi 6.4; Cheng 16.1; Xiang 9.4; Zhao 4.3,,
,Wucheng,武城 (3),Jin,"NE of Hua Co Ah, Shaanxi",34.5125899,109.7719,Wen 8.2,,
,Wudi,o棣,Qi,"Tangshan Prefecture 唐山地^, Hebei",39.624571,118.120737,Xi 4.1,,
,Wufu,武父 (1),Wei,Unk,40.7011879,-99.1014292,Ding 4.1,,
,Wufu,武父 (2),Zheng,"S of Dongming Co |明h, Henan",35.268125,115.092195,"Xuan 12.7(C), 12.2",,
,Wulou . .,o,,Unk,40.7011879,-99.1014292,Xuan 15.7(C).,,
,Wulu,五鹿,Jin then Wei,"Modern Shalu 沙鹿, E of Daming Co 大名h, Hebei",36.2831716,115.1740703,"Xi 23.6, 28.1; Xiang 25.4; Ai 1.3, 4.3.",,
,Wushi . .,五氏,Jin,"W of Handan City 邯市, Hebei.",36.6255599,114.53918,"Ding 9.5(C), 9.4",,
,Wuwu  .,五梧.,Lu,"NW of Pingyi Co 平邑h, Shandong.",35.5058699,117.64048,"Ai 8.2, 25.2.",,
,Xi,析,Chu,"Same place as Baiyu 白羽 Area NW of Xichuan Co 淅川h and Neixiang Co 内lh, Henan.",33.0448299,111.84926,"Xi 25.3; Zhao 18.7; Ai 4.2, 18.2.",,
,Xi . .,奚,Lu,"S of Teng Co 滕h, Shandong.",35.084021,117.164388,"Huan 17.3(C), 17.3",,
,Xi . . . ;,息,Dom then Chu,Unk,40.7011879,-99.1014292,"Yin 11.6; Xi 25.3, 28.4; Wen 10.5, 16.4; Cheng 7.11",,
,Xi,q,"Qi, southern frontier",Unk,40.7011879,-99.1014292,"Ai 10.2, 11.1",,
,Xi,@ (1),Qi,"S of Dong’e Co |阿h, Shandong",36.3350299,116.24773,Xi 26.2(C),,
,Xi,@ (2),"Ji, later Qi","E of Linzi Town R淄, Shandong",36.85287,118.302,"Zhuang 3.4(C), 3.3, 12.1(C)",,
,Xi,,Zheng,"Modern Xitong Mountain 蛲山, NE of Songshan Co 嵩山h, Henan.",34.7657099,113.75322,"Xiang 9.5(C), 9.5, 22.2.",,
,Xia,瑕 (1),Sui later Chu.,Unk,40.7011879,-99.1014292,Huan 6.2; Cheng 16.5.,,
,Xia,瑕 (2),Jin,"Formerly Quwo 曲沃, E of Lingbao Co `h, Henan",34.5168499,110.89456,"Xi 30.3; Wen 12.6, 13.1; Cheng 13.3; Zhao 22.5.",,
,Xia. . .,瑕 (3),Zhou,Unk,40.7011879,-99.1014292,Zhao 24.5,,
,Xia River,夏I,Chu,Area where Xifei River 西肥河 flows into Huai 淮,32.68291922,116.7002098,"Zhao 4.7, 5.8",,
,Xian,弦,Dom,"NW of Gouchuan Co 洗h, Henan",34.7657099,113.75322,"Xi 5.7(C), 5.7; Zhao 31.4",,
,Xian,y (1),Wei,"SE of Puyang Co 濮h, Henan",35.5764999,115.26089,"Xi 13.3(C), 13.2; Ding 7.3(C), 7.4",,
,Xian,y (2),Lu,"S of Juye Co 巨野h, Shandong",35.3963299,116.09495,"Wen 11.6(C), 11.5; Xiang 30.3",,
,Xiang,向 (1),Wu,"W of Huaiyuan Co 堰hh, Anhui",33.0039899,117.25089,"Xiang 14.1(C), 14.1, 14.3",,
,Xiang,向 (2),"Zhou, royal household area","S of Jiyuan Co 源h, Henan",35.0745099,112.60383,"Yin 11.5; Huan 7.2, 7.3",,
,Xiang,向 (3),"Dom, CN Jiang 姜; wiped out by Ju, later Lu","S of Ju Co 莒h, Shandong",35.5799699,118.83687,"Yin 2.2(C), 2.2; Huan 16.4(C), 16.4; Xi 26.1(C), 26.1; Xiang 20.1(C), 20.1.",,
,Xiang . .,向 (4),Zheng,"Near Weishi Co 尉氏h, Henan.",34.4116099,114.19297,Xiang 11.3,,
,Xiang,,Dom,"In Xiangcheng Co 城h, Henan",33.43374,114.81779,"Xi 17.2(C), 17.3",,
,Xiangniu,襄牛,Wei,"S of Fan Co 范h, Shandong",36.6682599,117.02076,Xi 28.1; Xiang 10.5,,
,Xiangyin,向,Jin,Unk,40.7011879,-99.1014292,Xuan 7.3,,
,Xianqiu,咸丘,Lu,"S of Juye Co 巨野h, Shandong",35.3963299,116.09495,Huan 7.1(C),,
,Xianyu,I于,Zheng,Unk,40.7011879,-99.1014292,Xiang 18.4,,
,Xianyu,r虞,Dom of non-Sinitic origin,"Modern Zhengding Co 正定h,",38.1461899,114.57109,"Hebei. Zhao 12.10(C),12.7, 13.4, 15.5(C), 15.5, 21.8, 22.4; Ding 4.12(C), 3.2, 5.6(C), 5.8; Ai 1.5, 4.3, 6.2(C), 6.1. See map 1.",,
,Xiao . .,霄,Lu,"In Ju Co 莒h, Shandong.",35.5799699,118.83687,Ding 14.15(C),,
,Xiao,,Song,"NW of Xiao Co h, Anhui",34.18835,116.94153,"Zhuang 12.1; Xi 30.5(C); Wen 10.6, 14.12; Xiang 10.6; Zhao 11.10; Ding 11.1(C), 11.3(C), 11.1, 14.12(C); Ai 12.6. See map 2.",,
,Xiaobie  (mountain). . .,小e,Chu,Unk,40.7011879,-99.1014292,Ding 4.3,,
,Xiaogu,小Y,Qi,"Dong’e Co |阿h, Shandong",36.3350299,116.24773,"Zhuang 32.1(C), 32.1",,
,Xiaoyu,~,Zheng,"Xuchang City S昌市, Henan",34.0356999,113.85233,"Xiang 11.8(C), 22.2",,
,Xiayang,下,Guo,"In Pinglu Co 平h, Shanxi",34.8369158,111.201448,Xi 2.3(C),,
,Xiazhou,夏州,Chu,N of Hanyang Co hh,30.48144207,113.9908143,Xuan 11.5,,
,Xicheng,隰J,"Zhou, later taken by Zheng","In Wushe Co 武涉h, Henan",34.7657099,113.75322,Yin 11.5.,,
,Xincheng,新城 (1),Jin,Alternative name for Quwo 曲沃,35.6410499,111.4757,Unk. Xi 4.6,,
,Xincheng,新城 (2),Song,"P SW of Shangqiu City 商丘市, Henan.",34.4142699,115.65635,"Wen 14.4(C), 14.5, 15.7, 15.9. Du Yu believes that Xincheng mentioned in Wen 14.4(C) is in Song, but Wang Fuzhi argues that this may just be Xincheng in Zheng",,
,Xincheng,新城 (3),Zheng,"SE of Mi Co 密h, Henan",34.5395199,113.39044,"Xi 6.2(C), 6.2",,
,Xinchu,新楚,Qin,"In former Chaoyi Co 朝邑h, Shaanxi",34.2648599,108.95424,Cheng 13.3,,
,Xing . .,杏 (1),Qi,"S of Chiping Co 茌平h, Shandong.",36.5507,116.26215,Ding 9.4; Ai 15.4.,,
,Xing,杏 (2),Zhou,"N of Nanyu Co 南禹h, Henan",34.7657099,113.75322,Zhao 24.5,,
,Xing,邢 (1),Dom,"Modern Xingtai City 邢_市, Xingtai Co 邢_h, Hebei",37.0862699,114.54489,Yin 4.6. See map 2.,,
,Xing . . .,邢 (2),Jin,Unk,40.7011879,-99.1014292,Xiang 26.10; Ai 4.3,,
,Xing, (1),Chu,"N area of Yingshan Co 山h, Hubei",30.7351799,115.68143,"Xi 4.1(C), 4.1",,
,Xing, (3),Zhou,"NW of Qinyang Co 沁h, Henan",35.0875999,112.9506,Yin 11.5,,
,Xing Marsh,,Zheng,"E of Xingyang Co 申h, Henan",34.7876199,113.38349,Min 2.5; Xuan 12.2; Cheng 16.5,,
,Xingqiu,邢丘,Jin,"NE of Wen Co 乜h, Henan",34.9402299,113.08057,"Xuan 6.3; Xiang 8.4(C), 8.4, 8.7; Zhao 5.2",,
,Xingting,庭,Jin,"SE of Yicheng Co 翼城h, Shanxi",35.7382299,111.71836,"Huan 2.8, 3.1",,
,Xingting,赏,Jin,"S of Yicheng Co 翼城h, Shanxi",35.7382299,111.71836,Xiang 23.4,,
,Xingxi,隰,Chu,"E of Jiangling Co 江陵h, Hubei",30.04166,112.42398,Wen 16.4,,
,Xinli,新里 (1),Qin,"NE of Chengcheng Co 澄城h, Shaanxi",35.1902399,109.93226,Xi 18.5,,
,Xinli,新里 (2),Song,"Outskirts of cap P, E of Kaifeng City _封市, Henan.",34.7569999,114.44136,Zhao 21.6.,,
,Xinshi,新石,Chu,"In Ye Co ~h, Henan",33.6268299,113.35737,Cheng 15.3,,
,Xintian,新田,Jin,"First name of area to which cap was moved Near Houma City 侯R市, Shanxi.",35.6190799,111.37213,Cheng 6.5.,,
,Xiu Marsh,,Zheng,"SW of Yuanyang Co 原h, Henan",35.052761,113.967907,Cheng 10.3,,
,Xiwei,西,Zhou,"In Luoyang City 洛市, Henan",34.6181299,112.45402,Zhao 23.3,,
,Xiyang,蜿,Jin,"N of Neihuang Co 内Sh, Henan",35.9471399,114.8993599,Zhao 9.5,,
,Xiyang,昔,Wei,"W of Jin Co xh, Hebei",38.0359899,114.46979,"Zhao 12.7, 22.4",,
,Xizhou,息舟,Chu,Unk,40.7011879,-99.1014292,Zhao 13.2,,
,Xu,徐 (1),Dom,"NW of Sishui Co 泗水h, Anhui",35.6647099,117.25216,Zhuang 26.4(C); Xi 3.3(C),,
,Xu,徐 (2),Ancient dom,"Near Hongze Lake 洪珊, S of Sihong Co 泗洪h, Jiangsu",33.2943299,118.8735,Zhao 1.2. See map 4.,,
,Xu . ., (1),Jin,"In Yanshi Co 偃h, Henan.",34.7264684,112.76553,Cheng 17.1,,
,Xu, (2),Song,"E of Yanjin Co 延津h, Henan",35.1419399,114.20515,"Huan 12.5(C), 12.2",,
,"Xu? . , .",S,CN Ji 姬 Dom,"First cap, E of modern Xuchang City S昌市, Henan.",34.0356999,113.85233,Yin 11.3(C) et passim. See map 4.,,
,"Xu?, lands of, . .",S田,Lu,"S of Xuchang City S昌市, Henan.",34.1259599,113.82272,Yin 8.2.,,
,Xuan,x,Chu,"Zhijiang Co 枝江h, Hubei",30.53796,111.56531,Wen 16.4,,
,Xucheng,b,Song,Unk,40.7011879,-99.1014292,"Cheng 18.14(C), 18.14",,
,Xue,薛 (1),Lu,Unk,40.7011879,-99.1014292,"Zhuang 31.2(C); Xiang 5.7(C), 5.11(C), 9.5(C), 10.1(C), 10.7(C), 11.4(C), 11.8(C), 16.2(C), 18.4(C), 20.2(C), 22.4(C), 24.8(C), 25.3(C); Zhao 13.4(C); Ding 4.2(C). See map 2.",,
,Xue .,薛 (2),"Dom, CN Ren 任.","S of Teng Co 滕h, Shandong.",35.084021,117.164388,Yin 11.1,,
,Xuge . . Also known as Changge .,]葛 / L葛,Zheng,"NE of Changge Co L葛h, Henan.",34.2167199,113.76827,Huan 5.3.,,
,Xuguan  (pass). .,徐P,Qi,"SW of Zibo City 淄博市, Shandong.",36.85888,118.07612,"Cheng 2.3, 17.9.",,
,Xumi,胥靡,Zhou,"E of Yanshi Co 偃h, Henan",34.7276299,112.78965,"Xiang 18.4; Zhao 26.7; Ding 6.2, 6.5.",,
,Xuqu . .,句,Dom,"SE of Dongping Co |平h, Shandong.",35.92246,116.43753,"Xi 21.4, 22.2(C), 22.1, 22.7; Wen 7.2(C), 7.2",,
,Xun,郇,Jin,"SW of Linyi Co R猗h, Shanxi",35.1447099,110.77408,Xi 24.1; Cheng 6.5,,
,Xun,,Zhou,"In Gong Co h, Henan",34.7479799,113.02206,"Zhao 23.1, 23.3",,
,Xun Road,薰隧,Zheng,Outside Gui Gate |T,32.1196099,93.65507,"Unk. Zhao 1.9, 2.4",,
,Xuqiu,丘,Zhu,"In Fei Co Mh, Shandong",35.278287,117.979969,Xi 1.5,,
,Xuwushi . . .,徐吾氏,Wei,Unk,40.7011879,-99.1014292,Cheng 1.1.,,
,Yan,偃,Zhu,"S of Fei Co Mh, Shandong",35.278287,117.979969,"Xi 1.8(C), 1.5",,
,Yan,,Split between Zheng and Song,Unk,40.7011879,-99.1014292,"Ai 12.6, 13.1(C), 13.1",,
,Yan,燕 (1),Also known as Beiyan 北燕 (Northern Yan),"Dom, CN Ji 姬 Near Beijing City 北京市.",39.904211,116.407395,Zhuang 30.3. See map 1.,,
,Yān . Also known as Nanyan (Southern Yan).  ?,燕 (2) / 南燕,"Dom, CN Ji .","Yanjin Co 延津h, Henan.",35.1419399,114.20515,Yin 5.4,,
,Yan,,Zhou,"Near Luoyang City 洛市, Henan",34.6181299,112.45402,Zhao 9.3,,
,Yan . .,I (2),Zheng,"N of Zhengzhou City 州市, Henan.",34.7472499,113.62493,"Xuan 3.2, 12.2",,
,Yan,鄢 (1),Chu,"SW of Yicheng Co 宜城h, Hubei",31.70838,112.26705,"Zhao 4.4, 13.2",,
,Yan,鄢 (2),"Dom, later Zheng","N of Yanling Co 鄢陵h, Henan",34.1023299,114.17739,"Yin 1.3(C), 1.4; Xiang 13.4; Zhao 5.4.",,
,Yan .,[,Qi,"Near Jiyuan City 南市, Shandong.",36.6849204,117.0564108,"Xi 18.3(C), 18.3",,
,Yan River,鄢,Chu,Modern Man River U河,31.663274,111.98877,Huan 13.1,,
,Yang,P,Zhou,"Not far from Yanshi Co 偃h, Henan",34.7264684,112.76553,Xi 22.3; Zhao 22.5,,
,Yang, (1),Dom,"SW of Yishui Co 沂水h, Shandong",35.7903399,118.62782,Min 2.1(C),,
,Yang, (2),Yan,"Between Dacheng Co 大城h and Wen’an Co 文安h, Hebei",38.784524,116.582115,Zhao 12.1(C).,,
,Yang .,,,"Dom. SE of Hongdong Co 洪洞h, Shanxi. See also Yangshi 钍.",36.2537399,111.67496,Xiang 29.11.,,
,Yang . .,B,Chu,"SE of Shenqiu Co 沈丘h, Henan.",33.4093999,115.09856,Zhao 30.3,,
,Yangcheng  (mountain).,城,,"Modern Chengshanling 城山X, SE of Dengfeng Co 登封h, Henan.",34.45488,113.01869,Zhao 4.1.,,
,"Yangfan . ,",樊,Zhou,"Fan 樊. SE of Jiyuan Co 源h, Henan.",35.0745099,112.60383,Xi 25.2; Cheng 11.5.,,
,Yanggu,Y,Qi,"N of Yanggu Co 谷h, Shandong",36.1144699,115.7913099,"Xi 3.5(C), 3.2, 3.3, 11.2(C); Wen 16.1(C), 16.1; Xuan 18.1; Zhao 29.3; Ai 21.2",,
,Yangguan,P,Lu,"On border of Lu and Qi S and slightly E of Tai’an Co 泰安h, Shandong.",36.1999399,117.0884,"Xiang 17.3; Ding 7.2, 8.10, 9.3",,
,Yangjiao,羊角,Wei,"NW of Yuncheng Co i城h, Shandong",35.4139399,115.83012,Xiang 26.14,,
,Yangliang,盍 / P梁,Song,"SE of Shangqiu Co 商丘h, Henan",34.557344,115.621216,Xiang 16.3,,
,Yangling,陵,Zheng,"NW of Xuchang Co S昌h, Henan",34.1259599,113.82272,Xiang 10.11,,
,Yangqiao,,Lu/Qi,"NW of Tai’an Co 泰安h, Shandong",35.808738,117.623943,"Cheng 2.6, 2.8",,
,Yangqiu . . .,丘,Chu,Unk,40.7011879,-99.1014292,Wen 16.4.,,
,Yangxue,穴,Wei,"E of Baihe Co 白河h, Shaanxi",32.80651,110.11808,Wen 11.1,,
,Yangzhou,州,Lu/Qi,"N area of Dongping Co |平h, Shandong",35.92246,116.43753,"Xiang 31.2; Zhao 25.5(C), 25.6; Ding 8.1, 8.5.",,
,Yanling .,延陵,,"Dom. Near Changzhou City 常州市, Jiangsu.",31.8107199,119.97365,Xiang 31.9,,
,Yanling,鄢陵 (1),Ju,"In Linshu Co R沭h, Shandong",34.9198499,118.65063,Wen 7.7,,
,Yao . .,要,Zhou,"In Xin’an Co 新安h, Henan.",34.82874,112.1111,Zhao 22.5,,
,Yao,洮,Cao,"SW of Juancheng Co 鄄城h, Shandong",35.54971,115.59926,"Xi 8.1(C), 8.1, 31.1; Ding 14.8(C), 14.7",,
,Yao,,Jin,"NW of Luoning Co 洛h, Henan",34.38757,111.68666,"Xi 32.3, 33.3; Wen 1.9, 2.1, 3.4, 14.10; Cheng 13.3; Xiang 14.1. See map 3",,
,Yefu,冶父,Chu,"Jiangling City 江陵市, Hubei",30.04166,112.42398,Huan 13.1,,
,Yejing,野井,Qi,"SE of Qihe Co R河h, Shandong",36.7949199,116.76002,"Zhao 25.5, 25.6",,
,"Yellow River, East Bank . . .",河|,Jin,E bank of Yellow River S河,36.519334,116.610556,"Xi 15.8, 17.2; Cheng 11.9.",,
,Yewang . .,野王,Jin,"Area governed by Qinyang Co 沁h, Henan.",35.0875999,112.9506,Xuan 17.1.,,
,Yi,夷 (1),"Chen, later Chu","SE of Bo Co 亳h, Anhui",31.8615699,117.28565,"Xiang 1.2; Zhao 9.2(C), 9.2, 30.3, 31.4",,
,Yi,夷 (2),Dom,"Old Zhuangwu 盐, W of Jimo Co 即墨h, Shandong",36.38033,120.38421,Yin 1.6; Min 2.3,,
,Yi,夷 (3),"Lu, near Gengzong 庚宗","E of Xishui Co 泗水h, Shandong",35.6647099,117.25216,Ai 8.2,,
,Yi,夷 (5),"Zhou, later Jin",Unk,40.7011879,-99.1014292,"Zhuang 16.6; Wen 6.1, 6.8, 8.7; Zhao 19.5",,
,Yi,沂,Chu,"In Zhengyang Co 正h, Henan",32.6007185,114.3957831,Xuan 11.3; Ding 5.5,,
,Yi,沂 (river) (1),Lu,"Flows from Yiyuan Co 沂源h, Shandong, into Yellow River S河",36.0743699,118.43241,Xiang 18.3.,,
,Yi,沂 (river) (2).,,"Flows from NE of Zou Couh, Shandong, into the Si 泗.",35.2910599,117.13367,"Xiang 19.1; Zhao 25.6; Ai 2.1(C), 2.1.",,
,Yi . .,翼 (1),Zhu,"SW of Huang Co Sh, Shandong.",37.6434499,120.47872,Yin 1.11; Zhao 23.2,,
,Yi,翼 (2),Jin,"SE of Yicheng Co 翼城h, Shanxi",35.7382299,111.71836,"Yin 5.2, 5.5, 6.2; Huan 2.8, 3.1, 8.1; Cheng 18.1.",,
,Yi . . .,[,Zhu,Unk,40.7011879,-99.1014292,Wen 13.3; Ai 4.7,,
,Yili,x栗,Zhou,Unk,40.7011879,-99.1014292,"Ding 7.1, 8.2",,
,Yin,尹,"Zhou, royal household","In Luoning Co 洛h, Henan",34.38757,111.68666,Zhao 23.3,,
,Yin,,Zhou,"N of Mengjin Co 孟津h, Henan Same place as Pingyin 平 (2).",34.8257301,112.4453496,Zhao 22.5,,
,Yinban,阪,Zheng,"W of Xinzheng Co 新h, Henan",34.39603,113.73097,Xiang 9.6,,
,Yindi,地,Jin,"NE of Lushi Co ]氏h, Henan",33.7385399,112.90802,Xuan 2.2; Ai 4.2,,
,Ying,郢,"Chu, cap","Modern Jinancheng o南城, N of Jiangling Co 江陵h, Hubei",30.04166,112.42398,"Xi 12.2; Wen 10.3, 14.10; Cheng 2.6; Xiang 14.11; Zhao 23.9, 24.9, 31.6; Ding 4.14(C), 4.3, 5.7, 6.4; Ai 4.2. See map 4.",,
,Ying . .,},Zhou,"E of Dengfeng Co 登封h, Henan.",34.45488,113.01869,"Zhao 1.5, 9.3",,
,Ying  (river).,},,"Flows through Yu Co 禹h, Henan.",34.7657099,113.75322,"Xuan 10.12; Xiang 10.11, 18.4.",,
,Ying . .,嬴,Qi,"NW of Laiwu Co Rh, Shandong.",36.2546,117.75535,"Huan 3.1(C), 3.2; Ai 11.3, 15.4.",,
,Ying,,"Dom, CN Ji 姬","E of Lushan Co 山h, Henan",33.7385399,112.90802,Xi 24.2,,
,Yingqiu,英丘,Jin,Unk,40.7011879,-99.1014292,Ai 23.2,,
,Yingshi,英氏,"Dom, CN Yan 偃","Between Huoshan Co 霍山h and Jinzhai Co 金寨h, Anhui",31.6818886,115.8773208,"Xi 17.1(C), 17.1",,
,Yingwei,}尾,Chu,"Modern Zhengyangguan 正P, Anhui",32.48082,116.532135,Zhao 12.11,,
,Yinkou,口,"Zheng, N of Yinban 阪","W of Xinzheng Co 新h, Henan",34.39603,113.73097,Xiang 9.6.,,
,Yinren . . .,人,Jin,Unk,40.7011879,-99.1014292,Ai 4.3,,
,Yiqiu,揖丘,Cao,"In Cao Co 曹h, Shandong",36.6682599,117.02076,Ai 7.5,,
,Yique,伊I (mountain),Zhou,Unk,40.7011879,-99.1014292,Ding 8.8,,
,Yiyi,夷x (1),"Wei, later Jin",Unk,40.7011879,-99.1014292,"Xiang 24.7, 25.3, 25.4, 25.9, 25.15, 25.16, 26.2; Ding 9.4, 10.4; Ai 26.3.",,
,Yiyi . .,夷x (2),Xing,"W of Liaocheng Co 聊城h, Shandong.",36.4625,115.87156,Min 2.9; Xi 1.3,,
,Yong,涌,Chu,"Modern Gangang Lake 乾港湖, SE of Jianli Co O利h, Hubei",29.5578799,113.20621,Zhuang 18.5.,,
,Yong .,庸,,"Dom. E of Zhushan Co 竹山h, Hubei.",32.2246799,110.22879,"Wen 16.6(C), 16.4; Xuan 12.2",,
,Yong,雍 (1),Qin,"S of Fengxiang Co P翔h, Shaanxi",34.5211399,107.40076,Xi 13.4; Zhao 1.8. See map 3,,
,Yong,雍 (2),"Dom, CN Ji 姬","W of Xiuwu Co 修武h, Henan",35.2236099,113.44776,Xi 24.2,,
,Yongdong,甬| (mountain),Yue,"Modern Weng Mountain 翁山, Dinghai Co 定海h, Zhejiang",29.99569,122.20179,Ai 22.2,,
,Yongliang,雍梁,Zheng,"NE of Yu Co 禹h, Henan",34.7657099,113.75322,"Xiang 18.4, 30.10",,
,Yongpu,庸浦,Chu,"P, S of Wuwei Co o榭h, Anhui",31.3187699,117.88726,Xiang 13.5,,
,Yongqiu,雍丘,Song,"Area governed by Qi Co 杞h, Henan",34.5503399,114.78283,"Ai 9.2(C), 9.2",,
,Yongshi,雍,Chu,Lands next to a tributary of Tianmen River 天T河,30.6633899,113.16614,"Ding 4.3, 5.5.",,
,Yongyu  .,雍榆.,Jin,"SW of Jun Co 浚h, Henan.",35.6761699,114.55078,"Xiang 23.9(C), 23.4",,
,You,幽,Song,"P, in Lankao Co m考h, Henan",34.814433,114.819486,"Zhuang 16.4(C), 27.2(C), 27.2",,
,You,,"Dom, wiped out by Chu","Old city NE of former Xiangyang Co 襄h, Hubei",32.2556131,112.2399219,Huan 9.2; Ai 18.2.,,
,Youge  .,有鬲.,Wei,"SE of Dezhou City 德州市, Shandong.",37.4354999,116.35927,Xiang 4.7,,
,Youqiu,幽丘,Song,"Xiao Co h, Anhui",34.18835,116.94153,Cheng 18.5,,
,Youtang,]棠,"Qi, Tang 棠","SE of Pingdu Co 平度h, Shandong",36.8073,119.89291,Xiang 18.3,,
,Youyan,有,Wei,"Near Luoyang City 洛市, Henan",34.6181299,112.45402,Ding 4.1,,
,Yu, (1),Cao,"In Dingjie Co 定界h, Shandong",35.62126,116.46577,Ai 7.5,,
,Yu, (2),Wu,"N of Yangzhou City P州市, Jiangsu",32.3935799,119.41269,Ai 9.5,,
,Yu, (3),"Old Yu  area, then Zheng, finally Zhou",Unk,40.7011879,-99.1014292,Yin 11.5,,
,Yu, (4),"Dom, before Spring and Autumn period CN Ji 姬","Modern Yutai Town _, NW of Qinyang Co 沁h, Henan.",35.0875999,112.9506,Xi 24.2.,,
,Yu . .,盂 (1),Jin,"Yu Co 盂h, Shanxi.",38.0857999,113.41238,Zhao 28.3,,
,Yu,盂 (2),Jin,"Modern Wu’eryu 吾河 of Taihang Mountains 太行山, NE of Licheng Co 黎城h, Shanxi",36.4661399,113.32171,Ai 4.3.,,
,Yu . .,盂 (3),Song,"Sui Co 睢h, Henan.",34.4452599,115.0715299,"Xi 21.4(C), 21.3",,
,Yu,盂 (4),"Wei, E area",Unk,40.7011879,-99.1014292,Ding 14.8,,
,Yu,盂 (5),Zhou,Unk,40.7011879,-99.1014292,Ding 8.2,,
,Yu,~,Wei,"P, E of Fengjie Co 奉h, Sichuan",30.6508899,104.07572,Wen 16.4,,
,Yu,圉 (1),Wei,"E area of Puyang Co 濮h, Henan",35.5764999,115.26089,Xiang 26.3,,
,Yu,圉 (2),Zheng,"Modern Yu Town 圉, S of Qi Co 杞h, Henan",34.331124,114.712836,Zhao 5.4,,
,Yu,h,"Dom, CN Yun u","N of Linyi Co R沂h, Shandong",35.1046499,118.3564599,"Wen 12.8(C), 12.7; Cheng 9.11(C), 9.10; Xiang 12.2(C), 12.1; Zhao 1.3(C), 1.8(C), 1.2, 1.11.",,
,Yu .,虞,"Dom, CN Ji 姬.","NE of Pinglu Co 平h, Shanxi.",34.8369158,111.201448,Huan 10.2 et passim,,
,Yu Marsh,圉,Zhou,"Marsh located in E Yu |圉 E of Luoyang City 洛市, Henan.",34.6181299,112.45402,Zhao 26.9.,,
,"Yuan . ,",原 (1),Zhou,"W Zhou 西周. NW of Jiyuan Co 源h, Henan.",35.0745099,112.60383,Xi 24.2,,
,Yuanling . .,陵,Qǐ,"SE of Changle Co L房h, Shandong.",36.7070199,118.82984,"Xi 14.1(C), 14.1.",,
,Yuanlou,袁,Qi,Unk,40.7011879,-99.1014292,Cheng 2.4(C),,
,Yuanpu,宛濮,Wei,"SW of Changyuan Co L垣h, Henan",35.0744299,114.7629,Xi 28.5; Ai 26.3,,
,Yuchang,玉,Split between Song and Zheng,Unk,40.7011879,-99.1014292,Ai 12.6,,
,Yue,越 (1),Wei,"In modern Cao Co 曹h, Shandong",36.6682599,117.02076,"Huan 1.3(C), 1.2",,
,Yue,越 (2),Dom,"Cap Kuaiji 稽 near modern-day Kuaiji Mountain 稽山, Shaoxing Co Bdh, Zhejiang",30.124975,120.401721,Xuan 8.3 et passim. See map 1.,,
,Yueshi . . .,肥,Zheng,"Ford on the river. In Xinzheng Co 新h, Henan",34.39603,113.73097,Xiang 26.11,,
,Yulin,Я (1),Qin,"Modern Jingyang Co 荜h, Shaanxi",34.55268,108.84587,Xiang 14.3,,
,Yulin,Я (2),Xu,"NE of Ye Co ~h, Henan",33.6268299,113.35737,Xiang 16.2,,
,Yuling,~陵,Zheng,Unk,40.7011879,-99.1014292,Xiang 18.4,,
,Yulou,雩,Chu,"E of Shangcheng Co 商城h and N of Jinzhai Co 金寨h, Anhui",31.6818886,115.8773208,Xiang 26.6; Zhao 5.8.,,
,Yun . .,i (1),Lu,"NE of Yishui Co 沂水h, Shandong.",35.7903399,118.62782,"Wen 12.8(C), 12.7; Cheng 9.11(C), 9.10; Xiang 12.2(C), 12.1; Zhao 1.3(C), 1.8(C), 1.2, 1.11",,
,Yun,i (2),Lu,"E of Yuncheng Co i城h, Shandong",35.4139399,115.83012,"Cheng 4.8(C), 16.11; Zhao 25.8(C), 25.9, 26.2(C), 26.5(C), 26.1, 26.3, 27.2(C), 27.9(C), 27.1, 27.5, 29.1(C), 29.5(C), 29.1; Ding 6.7(C), 7.2, 10.5(C), 10.3. See map 2.",,
,Yun  . .,y (1),"Dom, later Chu","P, near Anlu Co 安h, Hubei.",31.2555399,113.68913,Huan 11.2; Zhao 14.5; Ding 4.3. See map 4,,
,Yun,y (2),Que,"P, S of Ju Co 莒h, Shandong",35.5799699,118.83687,"Ai 12.4(C), 12.4",,
,Yun,y (3),Wei,Unk,40.7011879,-99.1014292,Ai 11.6,,
,Yunmeng Marshes,中,Chu,Unk,40.7011879,-99.1014292,"Ding 4.3, 5.7",,
,Yupi,~陂,Chu,"NW of Tianmen Co 天Th, Hubei",30.6633899,113.16614,Zhao 13.2,,
,Yuyang,圉,Chu,"S area of Chao Co 巢h, Anhui",31.8615699,117.28565,Zhao 24.9,,
,Yuyuan . .,羽Y,,"Said to be NW of Donghai Co |海h, Jiangsu",34.54239,118.75303,Zhao 7.7.,,
,Yuyuqiu,於N丘,Dom,"P, in Linyi Co R沂h, Shandong",35.1046499,118.3564599,Zhuang 2.2(C),,
,Yuzhang  .,豫章.,Chu,"Area from Houqiu Co 霍丘h, Anhui, passing through  Guangshan Co 光山h and Gushi Co 固始h, Henan, up to the border of Yingshan Co 山h, Hebei.",32.33721,116.27533,"Zhao 6.9, 13.2, 24.9, 31.4; Ding 2.2, 4.3.",,
,Zeng, (1),Dom,"E of Zaozhuang f市, Shandong",34.8625414,117.5762714,Xi 15.8,,
,Zeng, (2),Zheng,"SE of Sui Co 睢h, Henan",34.429664,115.080638,"Xiang 1.2, 1.3(C), 2.5",,
,Zengguan,P,Chu,"Fangcheng Co 方城h, Henan",33.25990675,113.0429279,Ai 4.2,,
,Zeyi,梢,Zhou,"Diquan 狄泉, Luoyang 洛, Henan",34.6181299,112.45402,Zhao 23.1,,
,Zha, (1),Chu,"N or Pei Co 邳h, Jiangsu",34.3351999,118.01246,"Xiang 10.1(C), 10.1; Ai 6.7(C)",,
,Zha, (river),Chu,"Fugong River 扶恭河, Sui Co Sh, Hubei",31.8537999,113.29995,Zhuang 4.1,,
,Zhai,祭,Zheng,"Near Zhengzhou 州, Henan",34.7472499,113.62493,Yin 1.6(C); Cheng 4.5,,
,Zhanban,湛阪,Chu,"N of Pingdingshan City 平山市, Henan",33.7660899,113.19241,Xiang 16.3,,
,"Zhang . ,",鄣,Ji,"same place as Jizhang o鄣. N of Ganyu Co M榆h, Jiangsu.",34.8423299,119.10629,Zhuang 30.3(C).,,
,Zhanghua Palace,章A,Chu,Unk,40.7011879,-99.1014292,Zhao 7.2,,
,Zhangshi,漳,Chu,"W of Jinmen Co GTh, Hubei",30.95195,112.26979,Xuan 4.3,,
,Zhangzi,L子,Jin,"W of Zhangzi Co L子h, Shanxi",36.1222199,112.87795,Xiang 18.2,,
,Zhanran,旃然,Zheng,"S of Rongyang Co sh, Henan",34.7876199,113.38349,Xiang 18.4,,
,Zhan Slope,展陂,Xu,"NW of Xuchang City S昌市, Henan",34.1259599,113.82272,Cheng 4.5,,
,Zhaoge,朝歌,Wei,"Qi Co 淇h, Henan",35.609104,114.193231,"Xiang 23.4, 25.3; Ding 13.6(C), 13.2, 14.6; Ai 1.7, 3.5",,
,Zhe,折,Que,Unk,40.7011879,-99.1014292,Huan 11.5,,
,Zhen,F,"Dom, later Chu","Near Yingcheng Co 城h, Hubei",30.94371,113.55673,Huan 11.2,,
,Zheng,,Dom CN Ji 姬,"From N of Hua Co Ah, Shanxi, to Xinzheng Co 新h, Henan.",34.3960499,113.74161,Yin 1.3(C) et passim. See map 3,,
,Zhengye,A野,Chu,"Xinye Co 新野h, Henan",32.6266,112.39311,Xuan 4.3,,
,Zheqiu,赭丘,Song,Unk,40.7011879,-99.1014292,Zhao 21.6,,
,Zhi,制,Zheng,"Probably to be identified with Hulao 虎牢 Sishui Gongshe 泗水公社, Rongyang Co sh, Henan.",34.7876199,113.38349,Ying 1.4; Xiang 10.10,,
,Zhi, (river),Sha River 沙河,Unk,40.7011879,-99.1014292,Xi 33.10,,
,Zhi .,彘,,"Near Huo Co 霍h, Shanxi.",36.5687698,111.7550647,Zhao 26.9.,,
,Zhiren,直人,Zhou,"Xin’an Co 新安h, Henan",34.82874,112.1111,Zhao 23.3,,
,Zhitian,制田,Zheng,"NE of Xinzheng Co 新h, Henan",34.3960499,113.74161,Cheng 16.9,,
,Zhiyuan,直@,Chu,"P, S of Xinyang 信, Henan, and to be identified with modern Wushengguan 武訇P",32.1471399,114.09279,Ding 4.3,,
,Zhong,,Cao,"Dingtao Co 定陶h, Shandong",35.0709499,115.57298,Ai 7.5,,
,Zhongcheng,中城,Lu,Unk,40.7011879,-99.1014292,"Cheng 9.14(C), 9.13; Ding 6.6(C)",,
,Zhongchou,中,Chu,"P, Nanyang 南, Henan",32.68649,112.60989,See Zhao 13.2,,
,Zhongfen,中分,"Zheng, cap","Xinzheng Co 新h, Henan",34.39603,113.73097,Xuan 9.8,,
,Zhongli,Rx,Chu,"NE of Fengyang Co Ph, Anhui",32.82561,117.55224,"Cheng 15.12(C), 15.8; Xiang 10.1; Zhao 4.7, 23.5, 24.9.",,
,Zhongmou . .,中牟,Jin,"W of Tangyin Co h, Henan; P, between Xingtai City 邢台市 and Handan City 邯市, Hebei.",35.9213799,114.35723,Ding 9.4; Ai 5.2.,,
,Zhongnan (mountain).,中南,,Zhongnanshan K南山.,33.883092,108.978515,Zhao 4.1,,
,Zhongqiu,中丘,Lu,"NE of Linyi Co R沂h, Shandong",35.1046499,118.3564599,"Yin 7.2, 7.3(C), 10.1, 10.1(C)",,
,Zhongren,中人,Wei,"NW of Tang Co 唐h, Hebei",38.7478999,114.98295,Zhao 13.4,,
,Zhongshan,中山.,,"Dom of non-Sinitic Xianyu origin that survived into the Warring States period and was located near Pingshan Co 平山h, Hebei.",38.24647,114.20301,Ding 4.1; Ai 3.1.,,
,Zhongwu . .,R吾,Dom,"NE of Suqian Co 宿wh, Jiangsu.",34.02892,118.68783,"Zhao 27.2, 30.3.",,
,Zhou,州 (1),"Dom, later Chu","E of Jianli Co O利h, Hubei",29.5578799,113.20621,Huan 11.2; Ai 17.4,,
,Zhou,州 (2),"Zhou, later Jin","SE of Qinyang Co 沁h, Henan",35.0875999,112.9506,"Yin 11.5; Zhao 3.4, 7.8; Ding 8.3",,
,Zhoulai . .,州,Chu,"Fengtai Co P台h, Anhui.",32.7729699,116.61397,"Cheng 7.8(C), 7.5; Xiang 26.1; Zhao 4.7, 9.2, 12.11, 13.11(C), 13.8, 19.9, 23.5; Ai 2.7(C), 2.4. See map 4.",,
,Zhouqu,州屈,Chu,"W of Fengyang Co Ph, Anhui",32.82561,117.55224,Zhao 25.11,,
,Zhoushi zhi wang,周氏之汪,Zheng,Unk,40.7011879,-99.1014292,Huan 15.2; Xi 33.9,,
,Zhoushou,周首,Qi,"E of Dong’e Co |阿h, Shandong",36.3350299,116.24773,Wen 11.5,,
,Zhu,著,Jin,Unk,40.7011879,-99.1014292,Xiang 21.5,,
,Zhu . .,T,Lu,"SW of Zhucheng Co T城h, Shandong.",36.06616,119.25887,"Zhuang 29.5(C), 29.4; Wen 12.8(C), 12.7.",,
,"Zhù . ,  ;",T,Dom,"CN Ren 任. S of Feicheng Co 肥城h, Shandong.",36.13762,116.57356,Xiang 23.5,,
,Zhu,洙 (river),Lu,Unk,40.7011879,-99.1014292,Zhuang 9.7(C),,
,Zhuanling,陵,Qi(?),Unk,40.7011879,-99.1014292,"Zhao 26.4(C), 26.6",,
,Zhuanyu,臾,Lu,"NW of Fei Co Mh, Shandong",35.278287,117.979969,Xi 21.4,,
,Zhufang,朱方,Wu,"E of Zhenjiang City 江市, Jiangsu",32.05554,119.46344,"Xiang 28.9; Zhao 4.4, 4.7",,
,Zhufu,T浮,Jin,Unk,40.7011879,-99.1014292,Wen 13.2,,
,Zhuke,祝柯,Qi,"NE of Changqing Co L清h, Shandong",36.54514787,116.8559587,Xiang 19.1(C),,
,Zhuo,禚,Qi,"Changqing Co L清h, Shandong",36.5566699,116.74272,"Zhuang 2.4(C), 2.1, 4.7(C); Ding 9.4; Ai 15.4.",,
,Zhuoling . .,趿,Song,"S of Ningling Co 陵h, Henan.",34.573815,115.318084,Cheng 16.3,,
,Zhuo Slope,踮,Song,"Between Ningling Co 陵h and Shangqiu City 商丘市, Henan",34.4545399,115.30516,Cheng 16.3.,,
,Zhuqi . .,祝其,Qi,"Same place as Jiagu A谷. Jiaguyu A谷峪, Laiwu Co Rh, Shandong.",36.2546,117.75535,Ding 10.2.,,
,Zhuqiu . .,祝丘,Lu,"E of Linyi Co R沂h, Shandong.",35.1046499,118.3564599,Huan 5.5(C); Zhuang 4.1(C),,
,Zhuyong,著雍,Jin,Unk,40.7011879,-99.1014292,"Xiang 10.2, 19.1; Zhao 13.4",,
,Zhuxia,邾瑕,Dom,Unk,40.7011879,-99.1014292,Ai 6.1(C),,
,Zi .,,,"SW of Anqiu Co 安丘h, Shandong.",36.36104,119.16773,"Zhao 5.4(C), 5.6.",,
,Zi,訾 (1),Zheng,"SW of Hua Co 滑h, Henan",35.5753399,114.5193,Wen 1.5,,
,Zi,訾 (2),Zheng,"Between Xinzheng Co 新h and Xuchang City S昌市, Henan",34.39603,113.73097,Cheng 13.4.,,
,Zi . .,t,Ji,"NW of Changyi Co 昌邑h, Shandong.",36.9598,119.38951,Zhuang 1.8(C),,
,Ziliang,訾梁,Chu,"Xinyang Co 信h, Henan",32.1471399,114.09279,Zhao 13.2,,
,Zilou,訾 (1),Zheng,"SW of Hua Co 滑h, Henan",35.5753399,114.5193,Xi 18.4,,
,Zilou,訾 (2),Zhu,Unk,40.7011879,-99.1014292,"Xi 33.6(C), 33.5",,
,Ziwu,訾毋,Song,"S of Luyi Co 鹿邑h, Henan",33.8600899,115.48443,Xiang 10.3,,
,Zizhi,訾枝,Chu,"Zhijiang Co 枝江h, Hubei",30.53796,111.56531,Wen 16.4,,
,Zong,宗,Dom,"Between ancient Longshucheng 舒城, E of Lujiang Co ]江h, and Shucheng Co 舒城h, Anhui",31.341081,117.17666,Wen 12.3,,
,Zongchuan .,i川,,"N of Dingtao Co 定陶h, Shandong.",35.0709499,115.57298,Zhao 29.4.,,
,Zongqiu,宗丘,Chu,"Zigui Co 秭wh, Hubei",30.8257799,110.97768,Zhao 14.3,,
,Zuili,d李,Wu,"Jiayu Co 嘉ch, Zhejiang",30.2655499,120.1536,"Ding 14.4(C), 14.5; Ai 1.2. See map 4",,
,Zuo,柞,Lu,"Laiwu Co Rh, Shandong",36.2546,117.75535,Zhao 7.5,,
,Zuo,胙,Dom,"N of Yanjin Co 延津h, Henan",35.1419399,114.20515,Xi 24.2; Xiang 12.3,,
,Zuoxiang . .,左巷,Zhou,"E of Luoyang City 洛市, Henan.",34.6181299,112.45402,Zhao 23.3.,,
